item_id,date,sales
13_BEVERAGES,2013-01-01 00:00:00,0
13_BEVERAGES,2013-01-02 00:00:00,767
13_BEVERAGES,2013-01-03 00:00:00,987
13_BEVERAGES,2013-01-04 00:00:00,652
13_BEVERAGES,2013-01-05 00:00:00,1095
13_BEVERAGES,2013-01-06 00:00:00,724
13_BEVERAGES,2013-01-07 00:00:00,513
13_BEVERAGES,2013-01-08 00:00:00,703
13_BEVERAGES,2013-01-09 00:00:00,622
13_BEVERAGES,2013-01-10 00:00:00,668
13_BEVERAGES,2013-01-11 00:00:00,448
13_BEVERAGES,2013-01-12 00:00:00,868
13_BEVERAGES,2013-01-13 00:00:00,802
13_BEVERAGES,2013-01-14 00:00:00,753
13_BEVERAGES,2013-01-15 00:00:00,806
13_BEVERAGES,2013-01-16 00:00:00,816
13_BEVERAGES,2013-01-17 00:00:00,563
13_BEVERAGES,2013-01-18 00:00:00,558
13_BEVERAGES,2013-01-19 00:00:00,1249
13_BEVERAGES,2013-01-20 00:00:00,687
13_BEVERAGES,2013-01-21 00:00:00,742
13_BEVERAGES,2013-01-22 00:00:00,580
13_BEVERAGES,2013-01-23 00:00:00,601
13_BEVERAGES,2013-01-24 00:00:00,390
13_BEVERAGES,2013-01-25 00:00:00,815
13_BEVERAGES,2013-01-26 00:00:00,1022
13_BEVERAGES,2013-01-27 00:00:00,533
13_BEVERAGES,2013-01-28 00:00:00,562
13_BEVERAGES,2013-01-29 00:00:00,708
13_BEVERAGES,2013-01-30 00:00:00,671
13_BEVERAGES,2013-01-31 00:00:00,696
13_BEVERAGES,2013-02-01 00:00:00,1006
13_BEVERAGES,2013-02-02 00:00:00,1209
13_BEVERAGES,2013-02-03 00:00:00,665
13_BEVERAGES,2013-02-04 00:00:00,531
13_BEVERAGES,2013-02-05 00:00:00,561
13_BEVERAGES,2013-02-06 00:00:00,505
13_BEVERAGES,2013-02-07 00:00:00,608
13_BEVERAGES,2013-02-08 00:00:00,674
13_BEVERAGES,2013-02-09 00:00:00,927
13_BEVERAGES,2013-02-10 00:00:00,564
13_BEVERAGES,2013-02-11 00:00:00,388
13_BEVERAGES,2013-02-12 00:00:00,461
13_BEVERAGES,2013-02-13 00:00:00,564
13_BEVERAGES,2013-02-14 00:00:00,517
13_BEVERAGES,2013-02-15 00:00:00,481
13_BEVERAGES,2013-02-16 00:00:00,924
13_BEVERAGES,2013-02-17 00:00:00,599
13_BEVERAGES,2013-02-18 00:00:00,470
13_BEVERAGES,2013-02-19 00:00:00,461
13_BEVERAGES,2013-02-20 00:00:00,618
13_BEVERAGES,2013-02-21 00:00:00,564
13_BEVERAGES,2013-02-22 00:00:00,443
13_BEVERAGES,2013-02-23 00:00:00,790
13_BEVERAGES,2013-02-24 00:00:00,669
13_BEVERAGES,2013-02-25 00:00:00,503
13_BEVERAGES,2013-02-26 00:00:00,574
13_BEVERAGES,2013-02-27 00:00:00,441
13_BEVERAGES,2013-02-28 00:00:00,602
13_BEVERAGES,2013-03-01 00:00:00,496
13_BEVERAGES,2013-03-02 00:00:00,1136
13_BEVERAGES,2013-03-03 00:00:00,750
13_BEVERAGES,2013-03-04 00:00:00,700
13_BEVERAGES,2013-03-05 00:00:00,762
13_BEVERAGES,2013-03-06 00:00:00,431
13_BEVERAGES,2013-03-07 00:00:00,544
13_BEVERAGES,2013-03-08 00:00:00,542
13_BEVERAGES,2013-03-09 00:00:00,951
13_BEVERAGES,2013-03-10 00:00:00,618
13_BEVERAGES,2013-03-11 00:00:00,586
13_BEVERAGES,2013-03-12 00:00:00,412
13_BEVERAGES,2013-03-13 00:00:00,547
13_BEVERAGES,2013-03-14 00:00:00,465
13_BEVERAGES,2013-03-15 00:00:00,621
13_BEVERAGES,2013-03-16 00:00:00,784
13_BEVERAGES,2013-03-17 00:00:00,768
13_BEVERAGES,2013-03-18 00:00:00,377
13_BEVERAGES,2013-03-19 00:00:00,535
13_BEVERAGES,2013-03-20 00:00:00,588
13_BEVERAGES,2013-03-21 00:00:00,461
13_BEVERAGES,2013-03-22 00:00:00,603
13_BEVERAGES,2013-03-23 00:00:00,877
13_BEVERAGES,2013-03-24 00:00:00,894
13_BEVERAGES,2013-03-25 00:00:00,749
13_BEVERAGES,2013-03-26 00:00:00,680
13_BEVERAGES,2013-03-27 00:00:00,503
13_BEVERAGES,2013-03-28 00:00:00,662
13_BEVERAGES,2013-03-29 00:00:00,817
13_BEVERAGES,2013-03-30 00:00:00,1150
13_BEVERAGES,2013-03-31 00:00:00,797
13_BEVERAGES,2013-04-01 00:00:00,904
13_BEVERAGES,2013-04-02 00:00:00,700
13_BEVERAGES,2013-04-03 00:00:00,788
13_BEVERAGES,2013-04-04 00:00:00,777
13_BEVERAGES,2013-04-05 00:00:00,844
13_BEVERAGES,2013-04-06 00:00:00,995
13_BEVERAGES,2013-04-07 00:00:00,1142
13_BEVERAGES,2013-04-08 00:00:00,842
13_BEVERAGES,2013-04-09 00:00:00,804
13_BEVERAGES,2013-04-10 00:00:00,819
13_BEVERAGES,2013-04-11 00:00:00,697
13_BEVERAGES,2013-04-12 00:00:00,783
13_BEVERAGES,2013-04-13 00:00:00,1005
13_BEVERAGES,2013-04-14 00:00:00,576
13_BEVERAGES,2013-04-15 00:00:00,624
13_BEVERAGES,2013-04-16 00:00:00,638
13_BEVERAGES,2013-04-17 00:00:00,545
13_BEVERAGES,2013-04-18 00:00:00,662
13_BEVERAGES,2013-04-19 00:00:00,807
13_BEVERAGES,2013-04-20 00:00:00,1062
13_BEVERAGES,2013-04-21 00:00:00,735
13_BEVERAGES,2013-04-22 00:00:00,737
13_BEVERAGES,2013-04-23 00:00:00,666
13_BEVERAGES,2013-04-24 00:00:00,726
13_BEVERAGES,2013-04-25 00:00:00,738
13_BEVERAGES,2013-04-26 00:00:00,710
13_BEVERAGES,2013-04-27 00:00:00,1436
13_BEVERAGES,2013-04-28 00:00:00,1106
13_BEVERAGES,2013-04-29 00:00:00,722
13_BEVERAGES,2013-04-30 00:00:00,848
13_BEVERAGES,2013-05-01 00:00:00,615
13_BEVERAGES,2013-05-02 00:00:00,822
13_BEVERAGES,2013-05-03 00:00:00,799
13_BEVERAGES,2013-05-04 00:00:00,1082
13_BEVERAGES,2013-05-05 00:00:00,1082
13_BEVERAGES,2013-05-06 00:00:00,865
13_BEVERAGES,2013-05-07 00:00:00,751
13_BEVERAGES,2013-05-08 00:00:00,568
13_BEVERAGES,2013-05-09 00:00:00,791
13_BEVERAGES,2013-05-10 00:00:00,646
13_BEVERAGES,2013-05-11 00:00:00,1339
13_BEVERAGES,2013-05-12 00:00:00,782
13_BEVERAGES,2013-05-13 00:00:00,794
13_BEVERAGES,2013-05-14 00:00:00,727
13_BEVERAGES,2013-05-15 00:00:00,611
13_BEVERAGES,2013-05-16 00:00:00,718
13_BEVERAGES,2013-05-17 00:00:00,648
13_BEVERAGES,2013-05-18 00:00:00,1081
13_BEVERAGES,2013-05-19 00:00:00,617
13_BEVERAGES,2013-05-20 00:00:00,758
13_BEVERAGES,2013-05-21 00:00:00,548
13_BEVERAGES,2013-05-22 00:00:00,727
13_BEVERAGES,2013-05-23 00:00:00,680
13_BEVERAGES,2013-05-24 00:00:00,745
13_BEVERAGES,2013-05-25 00:00:00,920
13_BEVERAGES,2013-05-26 00:00:00,572
13_BEVERAGES,2013-05-27 00:00:00,954
13_BEVERAGES,2013-05-28 00:00:00,655
13_BEVERAGES,2013-05-29 00:00:00,812
13_BEVERAGES,2013-05-30 00:00:00,824
13_BEVERAGES,2013-05-31 00:00:00,679
13_BEVERAGES,2013-06-01 00:00:00,1093
13_BEVERAGES,2013-06-02 00:00:00,627
13_BEVERAGES,2013-06-03 00:00:00,883
13_BEVERAGES,2013-06-04 00:00:00,830
13_BEVERAGES,2013-06-05 00:00:00,382
13_BEVERAGES,2013-06-06 00:00:00,660
13_BEVERAGES,2013-06-07 00:00:00,741
13_BEVERAGES,2013-06-08 00:00:00,1125
13_BEVERAGES,2013-06-09 00:00:00,698
13_BEVERAGES,2013-06-10 00:00:00,741
13_BEVERAGES,2013-06-11 00:00:00,547
13_BEVERAGES,2013-06-12 00:00:00,741
13_BEVERAGES,2013-06-13 00:00:00,879
13_BEVERAGES,2013-06-14 00:00:00,523
13_BEVERAGES,2013-06-15 00:00:00,1224
13_BEVERAGES,2013-06-16 00:00:00,758
13_BEVERAGES,2013-06-17 00:00:00,800
13_BEVERAGES,2013-06-18 00:00:00,675
13_BEVERAGES,2013-06-19 00:00:00,482
13_BEVERAGES,2013-06-20 00:00:00,687
13_BEVERAGES,2013-06-21 00:00:00,588
13_BEVERAGES,2013-06-22 00:00:00,948
13_BEVERAGES,2013-06-23 00:00:00,906
13_BEVERAGES,2013-06-24 00:00:00,519
13_BEVERAGES,2013-06-25 00:00:00,529
13_BEVERAGES,2013-06-26 00:00:00,580
13_BEVERAGES,2013-06-27 00:00:00,566
13_BEVERAGES,2013-06-28 00:00:00,526
13_BEVERAGES,2013-06-29 00:00:00,1088
13_BEVERAGES,2013-06-30 00:00:00,747
13_BEVERAGES,2013-07-01 00:00:00,1038
13_BEVERAGES,2013-07-02 00:00:00,697
13_BEVERAGES,2013-07-03 00:00:00,730
13_BEVERAGES,2013-07-04 00:00:00,789
13_BEVERAGES,2013-07-05 00:00:00,650
13_BEVERAGES,2013-07-06 00:00:00,1041
13_BEVERAGES,2013-07-07 00:00:00,642
13_BEVERAGES,2013-07-08 00:00:00,596
13_BEVERAGES,2013-07-09 00:00:00,653
13_BEVERAGES,2013-07-10 00:00:00,403
13_BEVERAGES,2013-07-11 00:00:00,619
13_BEVERAGES,2013-07-12 00:00:00,548
13_BEVERAGES,2013-07-13 00:00:00,1077
13_BEVERAGES,2013-07-14 00:00:00,605
13_BEVERAGES,2013-07-15 00:00:00,451
13_BEVERAGES,2013-07-16 00:00:00,498
13_BEVERAGES,2013-07-17 00:00:00,681
13_BEVERAGES,2013-07-18 00:00:00,529
13_BEVERAGES,2013-07-19 00:00:00,480
13_BEVERAGES,2013-07-20 00:00:00,938
13_BEVERAGES,2013-07-21 00:00:00,564
13_BEVERAGES,2013-07-22 00:00:00,587
13_BEVERAGES,2013-07-23 00:00:00,560
13_BEVERAGES,2013-07-24 00:00:00,615
13_BEVERAGES,2013-07-25 00:00:00,589
13_BEVERAGES,2013-07-26 00:00:00,798
13_BEVERAGES,2013-07-27 00:00:00,1084
13_BEVERAGES,2013-07-28 00:00:00,775
13_BEVERAGES,2013-07-29 00:00:00,696
13_BEVERAGES,2013-07-30 00:00:00,673
13_BEVERAGES,2013-07-31 00:00:00,525
13_BEVERAGES,2013-08-01 00:00:00,630
13_BEVERAGES,2013-08-02 00:00:00,586
13_BEVERAGES,2013-08-03 00:00:00,811
13_BEVERAGES,2013-08-04 00:00:00,411
13_BEVERAGES,2013-08-05 00:00:00,661
13_BEVERAGES,2013-08-06 00:00:00,358
13_BEVERAGES,2013-08-07 00:00:00,511
13_BEVERAGES,2013-08-08 00:00:00,822
13_BEVERAGES,2013-08-09 00:00:00,657
13_BEVERAGES,2013-08-10 00:00:00,875
13_BEVERAGES,2013-08-11 00:00:00,689
13_BEVERAGES,2013-08-12 00:00:00,581
13_BEVERAGES,2013-08-13 00:00:00,756
13_BEVERAGES,2013-08-14 00:00:00,381
13_BEVERAGES,2013-08-15 00:00:00,695
13_BEVERAGES,2013-08-16 00:00:00,595
13_BEVERAGES,2013-08-17 00:00:00,974
13_BEVERAGES,2013-08-18 00:00:00,559
13_BEVERAGES,2013-08-19 00:00:00,614
13_BEVERAGES,2013-08-20 00:00:00,570
13_BEVERAGES,2013-08-21 00:00:00,413
13_BEVERAGES,2013-08-22 00:00:00,562
13_BEVERAGES,2013-08-23 00:00:00,398
13_BEVERAGES,2013-08-24 00:00:00,725
13_BEVERAGES,2013-08-25 00:00:00,545
13_BEVERAGES,2013-08-26 00:00:00,612
13_BEVERAGES,2013-08-27 00:00:00,420
13_BEVERAGES,2013-08-28 00:00:00,518
13_BEVERAGES,2013-08-29 00:00:00,395
13_BEVERAGES,2013-08-30 00:00:00,539
13_BEVERAGES,2013-08-31 00:00:00,1065
13_BEVERAGES,2013-09-01 00:00:00,692
13_BEVERAGES,2013-09-02 00:00:00,697
13_BEVERAGES,2013-09-03 00:00:00,602
13_BEVERAGES,2013-09-04 00:00:00,564
13_BEVERAGES,2013-09-05 00:00:00,469
13_BEVERAGES,2013-09-06 00:00:00,633
13_BEVERAGES,2013-09-07 00:00:00,836
13_BEVERAGES,2013-09-08 00:00:00,861
13_BEVERAGES,2013-09-09 00:00:00,534
13_BEVERAGES,2013-09-10 00:00:00,562
13_BEVERAGES,2013-09-11 00:00:00,591
13_BEVERAGES,2013-09-12 00:00:00,717
13_BEVERAGES,2013-09-13 00:00:00,722
13_BEVERAGES,2013-09-14 00:00:00,1066
13_BEVERAGES,2013-09-15 00:00:00,663
13_BEVERAGES,2013-09-16 00:00:00,571
13_BEVERAGES,2013-09-17 00:00:00,785
13_BEVERAGES,2013-09-18 00:00:00,496
13_BEVERAGES,2013-09-19 00:00:00,716
13_BEVERAGES,2013-09-20 00:00:00,624
13_BEVERAGES,2013-09-21 00:00:00,1316
13_BEVERAGES,2013-09-22 00:00:00,926
13_BEVERAGES,2013-09-23 00:00:00,642
13_BEVERAGES,2013-09-24 00:00:00,538
13_BEVERAGES,2013-09-25 00:00:00,784
13_BEVERAGES,2013-09-26 00:00:00,673
13_BEVERAGES,2013-09-27 00:00:00,721
13_BEVERAGES,2013-09-28 00:00:00,1117
13_BEVERAGES,2013-09-29 00:00:00,696
13_BEVERAGES,2013-09-30 00:00:00,568
13_BEVERAGES,2013-10-01 00:00:00,899
13_BEVERAGES,2013-10-02 00:00:00,1054
13_BEVERAGES,2013-10-03 00:00:00,1070
13_BEVERAGES,2013-10-04 00:00:00,544
13_BEVERAGES,2013-10-05 00:00:00,1137
13_BEVERAGES,2013-10-06 00:00:00,1199
13_BEVERAGES,2013-10-07 00:00:00,783
13_BEVERAGES,2013-10-08 00:00:00,683
13_BEVERAGES,2013-10-09 00:00:00,689
13_BEVERAGES,2013-10-10 00:00:00,582
13_BEVERAGES,2013-10-11 00:00:00,693
13_BEVERAGES,2013-10-12 00:00:00,1065
13_BEVERAGES,2013-10-13 00:00:00,848
13_BEVERAGES,2013-10-14 00:00:00,653
13_BEVERAGES,2013-10-15 00:00:00,542
13_BEVERAGES,2013-10-16 00:00:00,524
13_BEVERAGES,2013-10-17 00:00:00,392
13_BEVERAGES,2013-10-18 00:00:00,666
13_BEVERAGES,2013-10-19 00:00:00,1311
13_BEVERAGES,2013-10-20 00:00:00,1043
13_BEVERAGES,2013-10-21 00:00:00,830
13_BEVERAGES,2013-10-22 00:00:00,525
13_BEVERAGES,2013-10-23 00:00:00,422
13_BEVERAGES,2013-10-24 00:00:00,630
13_BEVERAGES,2013-10-25 00:00:00,864
13_BEVERAGES,2013-10-26 00:00:00,938
13_BEVERAGES,2013-10-27 00:00:00,698
13_BEVERAGES,2013-10-28 00:00:00,631
13_BEVERAGES,2013-10-29 00:00:00,1145
13_BEVERAGES,2013-10-30 00:00:00,449
13_BEVERAGES,2013-10-31 00:00:00,804
13_BEVERAGES,2013-11-01 00:00:00,644
13_BEVERAGES,2013-11-02 00:00:00,1124
13_BEVERAGES,2013-11-03 00:00:00,954
13_BEVERAGES,2013-11-04 00:00:00,1265
13_BEVERAGES,2013-11-05 00:00:00,675
13_BEVERAGES,2013-11-06 00:00:00,802
13_BEVERAGES,2013-11-07 00:00:00,691
13_BEVERAGES,2013-11-08 00:00:00,1321
13_BEVERAGES,2013-11-09 00:00:00,1049
13_BEVERAGES,2013-11-10 00:00:00,1045
13_BEVERAGES,2013-11-11 00:00:00,1030
13_BEVERAGES,2013-11-12 00:00:00,645
13_BEVERAGES,2013-11-13 00:00:00,504
13_BEVERAGES,2013-11-14 00:00:00,567
13_BEVERAGES,2013-11-15 00:00:00,711
13_BEVERAGES,2013-11-16 00:00:00,1021
13_BEVERAGES,2013-11-17 00:00:00,920
13_BEVERAGES,2013-11-18 00:00:00,660
13_BEVERAGES,2013-11-19 00:00:00,668
13_BEVERAGES,2013-11-20 00:00:00,840
13_BEVERAGES,2013-11-21 00:00:00,685
13_BEVERAGES,2013-11-22 00:00:00,517
13_BEVERAGES,2013-11-23 00:00:00,1292
13_BEVERAGES,2013-11-24 00:00:00,971
13_BEVERAGES,2013-11-25 00:00:00,602
13_BEVERAGES,2013-11-26 00:00:00,644
13_BEVERAGES,2013-11-27 00:00:00,619
13_BEVERAGES,2013-11-28 00:00:00,759
13_BEVERAGES,2013-11-29 00:00:00,922
13_BEVERAGES,2013-11-30 00:00:00,1495
13_BEVERAGES,2013-12-01 00:00:00,967
13_BEVERAGES,2013-12-02 00:00:00,1059
13_BEVERAGES,2013-12-03 00:00:00,929
13_BEVERAGES,2013-12-04 00:00:00,482
13_BEVERAGES,2013-12-05 00:00:00,701
13_BEVERAGES,2013-12-06 00:00:00,679
13_BEVERAGES,2013-12-07 00:00:00,1251
13_BEVERAGES,2013-12-08 00:00:00,781
13_BEVERAGES,2013-12-09 00:00:00,843
13_BEVERAGES,2013-12-10 00:00:00,808
13_BEVERAGES,2013-12-11 00:00:00,615
13_BEVERAGES,2013-12-12 00:00:00,695
13_BEVERAGES,2013-12-13 00:00:00,688
13_BEVERAGES,2013-12-14 00:00:00,1089
13_BEVERAGES,2013-12-15 00:00:00,1239
13_BEVERAGES,2013-12-16 00:00:00,684
13_BEVERAGES,2013-12-17 00:00:00,750
13_BEVERAGES,2013-12-18 00:00:00,862
13_BEVERAGES,2013-12-19 00:00:00,850
13_BEVERAGES,2013-12-20 00:00:00,1017
13_BEVERAGES,2013-12-21 00:00:00,1764
13_BEVERAGES,2013-12-22 00:00:00,834
13_BEVERAGES,2013-12-23 00:00:00,938
13_BEVERAGES,2013-12-24 00:00:00,1126
13_BEVERAGES,2013-12-25 00:00:00,1072
13_BEVERAGES,2013-12-26 00:00:00,699
13_BEVERAGES,2013-12-27 00:00:00,1352
13_BEVERAGES,2013-12-28 00:00:00,915
13_BEVERAGES,2013-12-29 00:00:00,1001
13_BEVERAGES,2013-12-30 00:00:00,1308
13_BEVERAGES,2013-12-31 00:00:00,0
13_BEVERAGES,2014-01-01 00:00:00,1934
13_BEVERAGES,2014-01-02 00:00:00,1671
13_BEVERAGES,2014-01-03 00:00:00,2385
13_BEVERAGES,2014-01-04 00:00:00,1802
13_BEVERAGES,2014-01-05 00:00:00,1029
13_BEVERAGES,2014-01-06 00:00:00,1425
13_BEVERAGES,2014-01-07 00:00:00,1046
13_BEVERAGES,2014-01-08 00:00:00,1057
13_BEVERAGES,2014-01-09 00:00:00,1064
13_BEVERAGES,2014-01-10 00:00:00,2216
13_BEVERAGES,2014-01-11 00:00:00,1454
13_BEVERAGES,2014-01-12 00:00:00,1325
13_BEVERAGES,2014-01-13 00:00:00,1271
13_BEVERAGES,2014-01-14 00:00:00,910
13_BEVERAGES,2014-01-15 00:00:00,1182
13_BEVERAGES,2014-01-16 00:00:00,1039
13_BEVERAGES,2014-01-17 00:00:00,1890
13_BEVERAGES,2014-01-18 00:00:00,1701
13_BEVERAGES,2014-01-19 00:00:00,1335
13_BEVERAGES,2014-01-20 00:00:00,1458
13_BEVERAGES,2014-01-21 00:00:00,1600
13_BEVERAGES,2014-01-22 00:00:00,911
13_BEVERAGES,2014-01-23 00:00:00,1373
13_BEVERAGES,2014-01-24 00:00:00,1863
13_BEVERAGES,2014-01-25 00:00:00,1773
13_BEVERAGES,2014-01-26 00:00:00,1112
13_BEVERAGES,2014-01-27 00:00:00,1110
13_BEVERAGES,2014-01-28 00:00:00,1190
13_BEVERAGES,2014-01-29 00:00:00,1025
13_BEVERAGES,2014-01-30 00:00:00,1120
13_BEVERAGES,2014-01-31 00:00:00,1267
13_BEVERAGES,2014-02-01 00:00:00,940
13_BEVERAGES,2014-02-02 00:00:00,644
13_BEVERAGES,2014-02-03 00:00:00,977
13_BEVERAGES,2014-02-04 00:00:00,422
13_BEVERAGES,2014-02-05 00:00:00,819
13_BEVERAGES,2014-02-06 00:00:00,762
13_BEVERAGES,2014-02-07 00:00:00,1422
13_BEVERAGES,2014-02-08 00:00:00,772
13_BEVERAGES,2014-02-09 00:00:00,747
13_BEVERAGES,2014-02-10 00:00:00,565
13_BEVERAGES,2014-02-11 00:00:00,643
13_BEVERAGES,2014-02-12 00:00:00,601
13_BEVERAGES,2014-02-13 00:00:00,787
13_BEVERAGES,2014-02-14 00:00:00,1345
13_BEVERAGES,2014-02-15 00:00:00,979
13_BEVERAGES,2014-02-16 00:00:00,822
13_BEVERAGES,2014-02-17 00:00:00,583
13_BEVERAGES,2014-02-18 00:00:00,486
13_BEVERAGES,2014-02-19 00:00:00,605
13_BEVERAGES,2014-02-20 00:00:00,665
13_BEVERAGES,2014-02-21 00:00:00,840
13_BEVERAGES,2014-02-22 00:00:00,682
13_BEVERAGES,2014-02-23 00:00:00,486
13_BEVERAGES,2014-02-24 00:00:00,569
13_BEVERAGES,2014-02-25 00:00:00,491
13_BEVERAGES,2014-02-26 00:00:00,608
13_BEVERAGES,2014-02-27 00:00:00,790
13_BEVERAGES,2014-02-28 00:00:00,2091
13_BEVERAGES,2014-03-01 00:00:00,1316
13_BEVERAGES,2014-03-02 00:00:00,1114
13_BEVERAGES,2014-03-03 00:00:00,1463
13_BEVERAGES,2014-03-04 00:00:00,1152
13_BEVERAGES,2014-03-05 00:00:00,1427
13_BEVERAGES,2014-03-06 00:00:00,1075
13_BEVERAGES,2014-03-07 00:00:00,2178
13_BEVERAGES,2014-03-08 00:00:00,1588
13_BEVERAGES,2014-03-09 00:00:00,1197
13_BEVERAGES,2014-03-10 00:00:00,1344
13_BEVERAGES,2014-03-11 00:00:00,983
13_BEVERAGES,2014-03-12 00:00:00,1187
13_BEVERAGES,2014-03-13 00:00:00,1085
13_BEVERAGES,2014-03-14 00:00:00,1748
13_BEVERAGES,2014-03-15 00:00:00,1626
13_BEVERAGES,2014-03-16 00:00:00,1026
13_BEVERAGES,2014-03-17 00:00:00,1105
13_BEVERAGES,2014-03-18 00:00:00,914
13_BEVERAGES,2014-03-19 00:00:00,989
13_BEVERAGES,2014-03-20 00:00:00,1175
13_BEVERAGES,2014-03-21 00:00:00,3002
13_BEVERAGES,2014-03-22 00:00:00,1356
13_BEVERAGES,2014-03-23 00:00:00,1171
13_BEVERAGES,2014-03-24 00:00:00,943
13_BEVERAGES,2014-03-25 00:00:00,791
13_BEVERAGES,2014-03-26 00:00:00,994
13_BEVERAGES,2014-03-27 00:00:00,1147
13_BEVERAGES,2014-03-28 00:00:00,2074
13_BEVERAGES,2014-03-29 00:00:00,1831
13_BEVERAGES,2014-03-30 00:00:00,1110
13_BEVERAGES,2014-03-31 00:00:00,999
13_BEVERAGES,2014-04-01 00:00:00,652
13_BEVERAGES,2014-04-02 00:00:00,604
13_BEVERAGES,2014-04-03 00:00:00,905
13_BEVERAGES,2014-04-04 00:00:00,1339
13_BEVERAGES,2014-04-05 00:00:00,829
13_BEVERAGES,2014-04-06 00:00:00,709
13_BEVERAGES,2014-04-07 00:00:00,796
13_BEVERAGES,2014-04-08 00:00:00,671
13_BEVERAGES,2014-04-09 00:00:00,724
13_BEVERAGES,2014-04-10 00:00:00,717
13_BEVERAGES,2014-04-11 00:00:00,1159
13_BEVERAGES,2014-04-12 00:00:00,836
13_BEVERAGES,2014-04-13 00:00:00,590
13_BEVERAGES,2014-04-14 00:00:00,479
13_BEVERAGES,2014-04-15 00:00:00,682
13_BEVERAGES,2014-04-16 00:00:00,679
13_BEVERAGES,2014-04-17 00:00:00,761
13_BEVERAGES,2014-04-18 00:00:00,1152
13_BEVERAGES,2014-04-19 00:00:00,1032
13_BEVERAGES,2014-04-20 00:00:00,803
13_BEVERAGES,2014-04-21 00:00:00,847
13_BEVERAGES,2014-04-22 00:00:00,668
13_BEVERAGES,2014-04-23 00:00:00,614
13_BEVERAGES,2014-04-24 00:00:00,861
13_BEVERAGES,2014-04-25 00:00:00,901
13_BEVERAGES,2014-04-26 00:00:00,926
13_BEVERAGES,2014-04-27 00:00:00,687
13_BEVERAGES,2014-04-28 00:00:00,645
13_BEVERAGES,2014-04-29 00:00:00,739
13_BEVERAGES,2014-04-30 00:00:00,784
13_BEVERAGES,2014-05-01 00:00:00,678
13_BEVERAGES,2014-05-02 00:00:00,1226
13_BEVERAGES,2014-05-03 00:00:00,930
13_BEVERAGES,2014-05-04 00:00:00,634
13_BEVERAGES,2014-05-05 00:00:00,601
13_BEVERAGES,2014-05-06 00:00:00,733
13_BEVERAGES,2014-05-07 00:00:00,661
13_BEVERAGES,2014-05-08 00:00:00,777
13_BEVERAGES,2014-05-09 00:00:00,1103
13_BEVERAGES,2014-05-10 00:00:00,961
13_BEVERAGES,2014-05-11 00:00:00,572
13_BEVERAGES,2014-05-12 00:00:00,667
13_BEVERAGES,2014-05-13 00:00:00,500
13_BEVERAGES,2014-05-14 00:00:00,681
13_BEVERAGES,2014-05-15 00:00:00,671
13_BEVERAGES,2014-05-16 00:00:00,1067
13_BEVERAGES,2014-05-17 00:00:00,1025
13_BEVERAGES,2014-05-18 00:00:00,802
13_BEVERAGES,2014-05-19 00:00:00,562
13_BEVERAGES,2014-05-20 00:00:00,619
13_BEVERAGES,2014-05-21 00:00:00,482
13_BEVERAGES,2014-05-22 00:00:00,597
13_BEVERAGES,2014-05-23 00:00:00,844
13_BEVERAGES,2014-05-24 00:00:00,593
13_BEVERAGES,2014-05-25 00:00:00,554
13_BEVERAGES,2014-05-26 00:00:00,453
13_BEVERAGES,2014-05-27 00:00:00,348
13_BEVERAGES,2014-05-28 00:00:00,768
13_BEVERAGES,2014-05-29 00:00:00,649
13_BEVERAGES,2014-05-30 00:00:00,1046
13_BEVERAGES,2014-05-31 00:00:00,846
13_BEVERAGES,2014-06-01 00:00:00,578
13_BEVERAGES,2014-06-02 00:00:00,696
13_BEVERAGES,2014-06-03 00:00:00,557
13_BEVERAGES,2014-06-04 00:00:00,612
13_BEVERAGES,2014-06-05 00:00:00,638
13_BEVERAGES,2014-06-06 00:00:00,973
13_BEVERAGES,2014-06-07 00:00:00,757
13_BEVERAGES,2014-06-08 00:00:00,605
13_BEVERAGES,2014-06-09 00:00:00,625
13_BEVERAGES,2014-06-10 00:00:00,676
13_BEVERAGES,2014-06-11 00:00:00,533
13_BEVERAGES,2014-06-12 00:00:00,592
13_BEVERAGES,2014-06-13 00:00:00,872
13_BEVERAGES,2014-06-14 00:00:00,805
13_BEVERAGES,2014-06-15 00:00:00,625
13_BEVERAGES,2014-06-16 00:00:00,492
13_BEVERAGES,2014-06-17 00:00:00,479
13_BEVERAGES,2014-06-18 00:00:00,571
13_BEVERAGES,2014-06-19 00:00:00,548
13_BEVERAGES,2014-06-20 00:00:00,722
13_BEVERAGES,2014-06-21 00:00:00,507
13_BEVERAGES,2014-06-22 00:00:00,653
13_BEVERAGES,2014-06-23 00:00:00,517
13_BEVERAGES,2014-06-24 00:00:00,451
13_BEVERAGES,2014-06-25 00:00:00,612
13_BEVERAGES,2014-06-26 00:00:00,556
13_BEVERAGES,2014-06-27 00:00:00,811
13_BEVERAGES,2014-06-28 00:00:00,845
13_BEVERAGES,2014-06-29 00:00:00,546
13_BEVERAGES,2014-06-30 00:00:00,1535
13_BEVERAGES,2014-07-01 00:00:00,1269
13_BEVERAGES,2014-07-02 00:00:00,1765
13_BEVERAGES,2014-07-03 00:00:00,2509
13_BEVERAGES,2014-07-04 00:00:00,2013
13_BEVERAGES,2014-07-05 00:00:00,1207
13_BEVERAGES,2014-07-06 00:00:00,1131
13_BEVERAGES,2014-07-07 00:00:00,1329
13_BEVERAGES,2014-07-08 00:00:00,1134
13_BEVERAGES,2014-07-09 00:00:00,928
13_BEVERAGES,2014-07-10 00:00:00,1131
13_BEVERAGES,2014-07-11 00:00:00,1854
13_BEVERAGES,2014-07-12 00:00:00,1122
13_BEVERAGES,2014-07-13 00:00:00,1143
13_BEVERAGES,2014-07-14 00:00:00,1119
13_BEVERAGES,2014-07-15 00:00:00,1060
13_BEVERAGES,2014-07-16 00:00:00,941
13_BEVERAGES,2014-07-17 00:00:00,971
13_BEVERAGES,2014-07-18 00:00:00,2340
13_BEVERAGES,2014-07-19 00:00:00,1002
13_BEVERAGES,2014-07-20 00:00:00,2668
13_BEVERAGES,2014-07-21 00:00:00,1253
13_BEVERAGES,2014-07-22 00:00:00,1005
13_BEVERAGES,2014-07-23 00:00:00,1222
13_BEVERAGES,2014-07-24 00:00:00,1031
13_BEVERAGES,2014-07-25 00:00:00,1601
13_BEVERAGES,2014-07-26 00:00:00,1053
13_BEVERAGES,2014-07-27 00:00:00,1325
13_BEVERAGES,2014-07-28 00:00:00,1131
13_BEVERAGES,2014-07-29 00:00:00,826
13_BEVERAGES,2014-07-30 00:00:00,1158
13_BEVERAGES,2014-07-31 00:00:00,798
13_BEVERAGES,2014-08-01 00:00:00,945
13_BEVERAGES,2014-08-02 00:00:00,2570
13_BEVERAGES,2014-08-03 00:00:00,759
13_BEVERAGES,2014-08-04 00:00:00,598
13_BEVERAGES,2014-08-05 00:00:00,440
13_BEVERAGES,2014-08-06 00:00:00,583
13_BEVERAGES,2014-08-07 00:00:00,757
13_BEVERAGES,2014-08-08 00:00:00,832
13_BEVERAGES,2014-08-09 00:00:00,450
13_BEVERAGES,2014-08-10 00:00:00,416
13_BEVERAGES,2014-08-11 00:00:00,691
13_BEVERAGES,2014-08-12 00:00:00,399
13_BEVERAGES,2014-08-13 00:00:00,511
13_BEVERAGES,2014-08-14 00:00:00,671
13_BEVERAGES,2014-08-15 00:00:00,931
13_BEVERAGES,2014-08-16 00:00:00,554
13_BEVERAGES,2014-08-17 00:00:00,446
13_BEVERAGES,2014-08-18 00:00:00,365
13_BEVERAGES,2014-08-19 00:00:00,453
13_BEVERAGES,2014-08-20 00:00:00,645
13_BEVERAGES,2014-08-21 00:00:00,754
13_BEVERAGES,2014-08-22 00:00:00,1045
13_BEVERAGES,2014-08-23 00:00:00,499
13_BEVERAGES,2014-08-24 00:00:00,742
13_BEVERAGES,2014-08-25 00:00:00,420
13_BEVERAGES,2014-08-26 00:00:00,294
13_BEVERAGES,2014-08-27 00:00:00,724
13_BEVERAGES,2014-08-28 00:00:00,2501
13_BEVERAGES,2014-08-29 00:00:00,1165
13_BEVERAGES,2014-08-30 00:00:00,576
13_BEVERAGES,2014-08-31 00:00:00,1667
13_BEVERAGES,2014-09-01 00:00:00,1619
13_BEVERAGES,2014-09-02 00:00:00,1295
13_BEVERAGES,2014-09-03 00:00:00,1310
13_BEVERAGES,2014-09-04 00:00:00,1336
13_BEVERAGES,2014-09-05 00:00:00,2069
13_BEVERAGES,2014-09-06 00:00:00,1348
13_BEVERAGES,2014-09-07 00:00:00,1493
13_BEVERAGES,2014-09-08 00:00:00,1220
13_BEVERAGES,2014-09-09 00:00:00,1266
13_BEVERAGES,2014-09-10 00:00:00,1112
13_BEVERAGES,2014-09-11 00:00:00,991
13_BEVERAGES,2014-09-12 00:00:00,1932
13_BEVERAGES,2014-09-13 00:00:00,1549
13_BEVERAGES,2014-09-14 00:00:00,1117
13_BEVERAGES,2014-09-15 00:00:00,1151
13_BEVERAGES,2014-09-16 00:00:00,1254
13_BEVERAGES,2014-09-17 00:00:00,860
13_BEVERAGES,2014-09-18 00:00:00,3564
13_BEVERAGES,2014-09-19 00:00:00,1848
13_BEVERAGES,2014-09-20 00:00:00,1357
13_BEVERAGES,2014-09-21 00:00:00,1345
13_BEVERAGES,2014-09-22 00:00:00,1057
13_BEVERAGES,2014-09-23 00:00:00,984
13_BEVERAGES,2014-09-24 00:00:00,1108
13_BEVERAGES,2014-09-25 00:00:00,1022
13_BEVERAGES,2014-09-26 00:00:00,1867
13_BEVERAGES,2014-09-27 00:00:00,1480
13_BEVERAGES,2014-09-28 00:00:00,1031
13_BEVERAGES,2014-09-29 00:00:00,1373
13_BEVERAGES,2014-09-30 00:00:00,1524
13_BEVERAGES,2014-10-01 00:00:00,1449
13_BEVERAGES,2014-10-02 00:00:00,3223
13_BEVERAGES,2014-10-03 00:00:00,2356
13_BEVERAGES,2014-10-04 00:00:00,1725
13_BEVERAGES,2014-10-05 00:00:00,1419
13_BEVERAGES,2014-10-06 00:00:00,1421
13_BEVERAGES,2014-10-07 00:00:00,899
13_BEVERAGES,2014-10-08 00:00:00,943
13_BEVERAGES,2014-10-09 00:00:00,1230
13_BEVERAGES,2014-10-10 00:00:00,1857
13_BEVERAGES,2014-10-11 00:00:00,1559
13_BEVERAGES,2014-10-12 00:00:00,1124
13_BEVERAGES,2014-10-13 00:00:00,1216
13_BEVERAGES,2014-10-14 00:00:00,1061
13_BEVERAGES,2014-10-15 00:00:00,860
13_BEVERAGES,2014-10-16 00:00:00,1169
13_BEVERAGES,2014-10-17 00:00:00,2026
13_BEVERAGES,2014-10-18 00:00:00,1584
13_BEVERAGES,2014-10-19 00:00:00,3382
13_BEVERAGES,2014-10-20 00:00:00,1318
13_BEVERAGES,2014-10-21 00:00:00,1085
13_BEVERAGES,2014-10-22 00:00:00,1091
13_BEVERAGES,2014-10-23 00:00:00,1046
13_BEVERAGES,2014-10-24 00:00:00,2301
13_BEVERAGES,2014-10-25 00:00:00,1614
13_BEVERAGES,2014-10-26 00:00:00,1217
13_BEVERAGES,2014-10-27 00:00:00,971
13_BEVERAGES,2014-10-28 00:00:00,1295
13_BEVERAGES,2014-10-29 00:00:00,1290
13_BEVERAGES,2014-10-30 00:00:00,1365
13_BEVERAGES,2014-10-31 00:00:00,2303
13_BEVERAGES,2014-11-01 00:00:00,1123
13_BEVERAGES,2014-11-02 00:00:00,1870
13_BEVERAGES,2014-11-03 00:00:00,2037
13_BEVERAGES,2014-11-04 00:00:00,1796
13_BEVERAGES,2014-11-05 00:00:00,3835
13_BEVERAGES,2014-11-06 00:00:00,2102
13_BEVERAGES,2014-11-07 00:00:00,1972
13_BEVERAGES,2014-11-08 00:00:00,1855
13_BEVERAGES,2014-11-09 00:00:00,1488
13_BEVERAGES,2014-11-10 00:00:00,1223
13_BEVERAGES,2014-11-11 00:00:00,1355
13_BEVERAGES,2014-11-12 00:00:00,1058
13_BEVERAGES,2014-11-13 00:00:00,1970
13_BEVERAGES,2014-11-14 00:00:00,1912
13_BEVERAGES,2014-11-15 00:00:00,1720
13_BEVERAGES,2014-11-16 00:00:00,1372
13_BEVERAGES,2014-11-17 00:00:00,1457
13_BEVERAGES,2014-11-18 00:00:00,1273
13_BEVERAGES,2014-11-19 00:00:00,1502
13_BEVERAGES,2014-11-20 00:00:00,1514
13_BEVERAGES,2014-11-21 00:00:00,2368
13_BEVERAGES,2014-11-22 00:00:00,1859
13_BEVERAGES,2014-11-23 00:00:00,1470
13_BEVERAGES,2014-11-24 00:00:00,1245
13_BEVERAGES,2014-11-25 00:00:00,1937
13_BEVERAGES,2014-11-26 00:00:00,1333
13_BEVERAGES,2014-11-27 00:00:00,1594
13_BEVERAGES,2014-11-28 00:00:00,2247
13_BEVERAGES,2014-11-29 00:00:00,1982
13_BEVERAGES,2014-11-30 00:00:00,1666
13_BEVERAGES,2014-12-01 00:00:00,1645
13_BEVERAGES,2014-12-02 00:00:00,1664
13_BEVERAGES,2014-12-03 00:00:00,1338
13_BEVERAGES,2014-12-04 00:00:00,3704
13_BEVERAGES,2014-12-05 00:00:00,2501
13_BEVERAGES,2014-12-06 00:00:00,1823
13_BEVERAGES,2014-12-07 00:00:00,1622
13_BEVERAGES,2014-12-08 00:00:00,1447
13_BEVERAGES,2014-12-09 00:00:00,1399
13_BEVERAGES,2014-12-10 00:00:00,1501
13_BEVERAGES,2014-12-11 00:00:00,2253
13_BEVERAGES,2014-12-12 00:00:00,2159
13_BEVERAGES,2014-12-13 00:00:00,2367
13_BEVERAGES,2014-12-14 00:00:00,2684
13_BEVERAGES,2014-12-15 00:00:00,2212
13_BEVERAGES,2014-12-16 00:00:00,5102
13_BEVERAGES,2014-12-17 00:00:00,1343
13_BEVERAGES,2014-12-18 00:00:00,2103
13_BEVERAGES,2014-12-19 00:00:00,2189
13_BEVERAGES,2014-12-20 00:00:00,2043
13_BEVERAGES,2014-12-21 00:00:00,2155
13_BEVERAGES,2014-12-22 00:00:00,1714
13_BEVERAGES,2014-12-23 00:00:00,2022
13_BEVERAGES,2014-12-24 00:00:00,5185
13_BEVERAGES,2014-12-25 00:00:00,1911
13_BEVERAGES,2014-12-26 00:00:00,1417
13_BEVERAGES,2014-12-27 00:00:00,1427
13_BEVERAGES,2014-12-28 00:00:00,1839
13_BEVERAGES,2014-12-29 00:00:00,1432
13_BEVERAGES,2014-12-30 00:00:00,0
13_BEVERAGES,2014-12-31 00:00:00,1272
13_BEVERAGES,2015-01-01 00:00:00,1425
13_BEVERAGES,2015-01-02 00:00:00,846
13_BEVERAGES,2015-01-03 00:00:00,843
13_BEVERAGES,2015-01-04 00:00:00,1591
13_BEVERAGES,2015-01-05 00:00:00,680
13_BEVERAGES,2015-01-06 00:00:00,798
13_BEVERAGES,2015-01-07 00:00:00,712
13_BEVERAGES,2015-01-08 00:00:00,1192
13_BEVERAGES,2015-01-09 00:00:00,872
13_BEVERAGES,2015-01-10 00:00:00,902
13_BEVERAGES,2015-01-11 00:00:00,650
13_BEVERAGES,2015-01-12 00:00:00,907
13_BEVERAGES,2015-01-13 00:00:00,766
13_BEVERAGES,2015-01-14 00:00:00,1030
13_BEVERAGES,2015-01-15 00:00:00,1887
13_BEVERAGES,2015-01-16 00:00:00,981
13_BEVERAGES,2015-01-17 00:00:00,872
13_BEVERAGES,2015-01-18 00:00:00,697
13_BEVERAGES,2015-01-19 00:00:00,483
13_BEVERAGES,2015-01-20 00:00:00,607
13_BEVERAGES,2015-01-21 00:00:00,735
13_BEVERAGES,2015-01-22 00:00:00,1144
13_BEVERAGES,2015-01-23 00:00:00,869
13_BEVERAGES,2015-01-24 00:00:00,959
13_BEVERAGES,2015-01-25 00:00:00,640
13_BEVERAGES,2015-01-26 00:00:00,530
13_BEVERAGES,2015-01-27 00:00:00,620
13_BEVERAGES,2015-01-28 00:00:00,739
13_BEVERAGES,2015-01-29 00:00:00,1408
13_BEVERAGES,2015-01-30 00:00:00,939
13_BEVERAGES,2015-01-31 00:00:00,865
13_BEVERAGES,2015-02-01 00:00:00,809
13_BEVERAGES,2015-02-02 00:00:00,747
13_BEVERAGES,2015-02-03 00:00:00,1034
13_BEVERAGES,2015-02-04 00:00:00,820
13_BEVERAGES,2015-02-05 00:00:00,1278
13_BEVERAGES,2015-02-06 00:00:00,851
13_BEVERAGES,2015-02-07 00:00:00,792
13_BEVERAGES,2015-02-08 00:00:00,706
13_BEVERAGES,2015-02-09 00:00:00,949
13_BEVERAGES,2015-02-10 00:00:00,630
13_BEVERAGES,2015-02-11 00:00:00,714
13_BEVERAGES,2015-02-12 00:00:00,1316
13_BEVERAGES,2015-02-13 00:00:00,737
13_BEVERAGES,2015-02-14 00:00:00,663
13_BEVERAGES,2015-02-15 00:00:00,729
13_BEVERAGES,2015-02-16 00:00:00,945
13_BEVERAGES,2015-02-17 00:00:00,632
13_BEVERAGES,2015-02-18 00:00:00,952
13_BEVERAGES,2015-02-19 00:00:00,1412
13_BEVERAGES,2015-02-20 00:00:00,1096
13_BEVERAGES,2015-02-21 00:00:00,1151
13_BEVERAGES,2015-02-22 00:00:00,866
13_BEVERAGES,2015-02-23 00:00:00,742
13_BEVERAGES,2015-02-24 00:00:00,774
13_BEVERAGES,2015-02-25 00:00:00,998
13_BEVERAGES,2015-02-26 00:00:00,1395
13_BEVERAGES,2015-02-27 00:00:00,1387
13_BEVERAGES,2015-02-28 00:00:00,824
13_BEVERAGES,2015-03-01 00:00:00,958
13_BEVERAGES,2015-03-02 00:00:00,624
13_BEVERAGES,2015-03-03 00:00:00,881
13_BEVERAGES,2015-03-04 00:00:00,848
13_BEVERAGES,2015-03-05 00:00:00,1267
13_BEVERAGES,2015-03-06 00:00:00,1017
13_BEVERAGES,2015-03-07 00:00:00,883
13_BEVERAGES,2015-03-08 00:00:00,836
13_BEVERAGES,2015-03-09 00:00:00,557
13_BEVERAGES,2015-03-10 00:00:00,596
13_BEVERAGES,2015-03-11 00:00:00,803
13_BEVERAGES,2015-03-12 00:00:00,1202
13_BEVERAGES,2015-03-13 00:00:00,956
13_BEVERAGES,2015-03-14 00:00:00,728
13_BEVERAGES,2015-03-15 00:00:00,826
13_BEVERAGES,2015-03-16 00:00:00,583
13_BEVERAGES,2015-03-17 00:00:00,699
13_BEVERAGES,2015-03-18 00:00:00,1602
13_BEVERAGES,2015-03-19 00:00:00,1094
13_BEVERAGES,2015-03-20 00:00:00,805
13_BEVERAGES,2015-03-21 00:00:00,825
13_BEVERAGES,2015-03-22 00:00:00,774
13_BEVERAGES,2015-03-23 00:00:00,632
13_BEVERAGES,2015-03-24 00:00:00,1021
13_BEVERAGES,2015-03-25 00:00:00,796
13_BEVERAGES,2015-03-26 00:00:00,1174
13_BEVERAGES,2015-03-27 00:00:00,867
13_BEVERAGES,2015-03-28 00:00:00,1223
13_BEVERAGES,2015-03-29 00:00:00,1106
13_BEVERAGES,2015-03-30 00:00:00,1186
13_BEVERAGES,2015-03-31 00:00:00,1218
13_BEVERAGES,2015-04-01 00:00:00,991
13_BEVERAGES,2015-04-02 00:00:00,1956
13_BEVERAGES,2015-04-03 00:00:00,1463
13_BEVERAGES,2015-04-04 00:00:00,1632
13_BEVERAGES,2015-04-05 00:00:00,1185
13_BEVERAGES,2015-04-06 00:00:00,1129
13_BEVERAGES,2015-04-07 00:00:00,981
13_BEVERAGES,2015-04-08 00:00:00,1342
13_BEVERAGES,2015-04-09 00:00:00,2042
13_BEVERAGES,2015-04-10 00:00:00,1445
13_BEVERAGES,2015-04-11 00:00:00,1527
13_BEVERAGES,2015-04-12 00:00:00,1231
13_BEVERAGES,2015-04-13 00:00:00,1145
13_BEVERAGES,2015-04-14 00:00:00,993
13_BEVERAGES,2015-04-15 00:00:00,1199
13_BEVERAGES,2015-04-16 00:00:00,2002
13_BEVERAGES,2015-04-17 00:00:00,1423
13_BEVERAGES,2015-04-18 00:00:00,1073
13_BEVERAGES,2015-04-19 00:00:00,1159
13_BEVERAGES,2015-04-20 00:00:00,1171
13_BEVERAGES,2015-04-21 00:00:00,1085
13_BEVERAGES,2015-04-22 00:00:00,1209
13_BEVERAGES,2015-04-23 00:00:00,1897
13_BEVERAGES,2015-04-24 00:00:00,1117
13_BEVERAGES,2015-04-25 00:00:00,1111
13_BEVERAGES,2015-04-26 00:00:00,878
13_BEVERAGES,2015-04-27 00:00:00,733
13_BEVERAGES,2015-04-28 00:00:00,914
13_BEVERAGES,2015-04-29 00:00:00,1432
13_BEVERAGES,2015-04-30 00:00:00,1757
13_BEVERAGES,2015-05-01 00:00:00,1786
13_BEVERAGES,2015-05-02 00:00:00,960
13_BEVERAGES,2015-05-03 00:00:00,1343
13_BEVERAGES,2015-05-04 00:00:00,1014
13_BEVERAGES,2015-05-05 00:00:00,1151
13_BEVERAGES,2015-05-06 00:00:00,1023
13_BEVERAGES,2015-05-07 00:00:00,1891
13_BEVERAGES,2015-05-08 00:00:00,1358
13_BEVERAGES,2015-05-09 00:00:00,1266
13_BEVERAGES,2015-05-10 00:00:00,1414
13_BEVERAGES,2015-05-11 00:00:00,1090
13_BEVERAGES,2015-05-12 00:00:00,1246
13_BEVERAGES,2015-05-13 00:00:00,1430
13_BEVERAGES,2015-05-14 00:00:00,2059
13_BEVERAGES,2015-05-15 00:00:00,2074
13_BEVERAGES,2015-05-16 00:00:00,1347
13_BEVERAGES,2015-05-17 00:00:00,1356
13_BEVERAGES,2015-05-18 00:00:00,1359
13_BEVERAGES,2015-05-19 00:00:00,1250
13_BEVERAGES,2015-05-20 00:00:00,1232
13_BEVERAGES,2015-05-21 00:00:00,2224
13_BEVERAGES,2015-05-22 00:00:00,1687
13_BEVERAGES,2015-05-23 00:00:00,2037
13_BEVERAGES,2015-05-24 00:00:00,2002
13_BEVERAGES,2015-05-25 00:00:00,2441
13_BEVERAGES,2015-05-26 00:00:00,1711
13_BEVERAGES,2015-05-27 00:00:00,1551
13_BEVERAGES,2015-05-28 00:00:00,2233
13_BEVERAGES,2015-05-29 00:00:00,1867
13_BEVERAGES,2015-05-30 00:00:00,1821
13_BEVERAGES,2015-05-31 00:00:00,1675
13_BEVERAGES,2015-06-01 00:00:00,1063
13_BEVERAGES,2015-06-02 00:00:00,1539
13_BEVERAGES,2015-06-03 00:00:00,1244
13_BEVERAGES,2015-06-04 00:00:00,2310
13_BEVERAGES,2015-06-05 00:00:00,2013
13_BEVERAGES,2015-06-06 00:00:00,1738
13_BEVERAGES,2015-06-07 00:00:00,1302
13_BEVERAGES,2015-06-08 00:00:00,1313
13_BEVERAGES,2015-06-09 00:00:00,1456
13_BEVERAGES,2015-06-10 00:00:00,1348
13_BEVERAGES,2015-06-11 00:00:00,2073
13_BEVERAGES,2015-06-12 00:00:00,1647
13_BEVERAGES,2015-06-13 00:00:00,1804
13_BEVERAGES,2015-06-14 00:00:00,1343
13_BEVERAGES,2015-06-15 00:00:00,1241
13_BEVERAGES,2015-06-16 00:00:00,1208
13_BEVERAGES,2015-06-17 00:00:00,1408
13_BEVERAGES,2015-06-18 00:00:00,2009
13_BEVERAGES,2015-06-19 00:00:00,1740
13_BEVERAGES,2015-06-20 00:00:00,1547
13_BEVERAGES,2015-06-21 00:00:00,1356
13_BEVERAGES,2015-06-22 00:00:00,1251
13_BEVERAGES,2015-06-23 00:00:00,1142
13_BEVERAGES,2015-06-24 00:00:00,1319
13_BEVERAGES,2015-06-25 00:00:00,1787
13_BEVERAGES,2015-06-26 00:00:00,1600
13_BEVERAGES,2015-06-27 00:00:00,1655
13_BEVERAGES,2015-06-28 00:00:00,1589
13_BEVERAGES,2015-06-29 00:00:00,1544
13_BEVERAGES,2015-06-30 00:00:00,1549
13_BEVERAGES,2015-07-01 00:00:00,1541
13_BEVERAGES,2015-07-02 00:00:00,2494
13_BEVERAGES,2015-07-03 00:00:00,1512
13_BEVERAGES,2015-07-04 00:00:00,1964
13_BEVERAGES,2015-07-05 00:00:00,1736
13_BEVERAGES,2015-07-06 00:00:00,1012
13_BEVERAGES,2015-07-07 00:00:00,1149
13_BEVERAGES,2015-07-08 00:00:00,1453
13_BEVERAGES,2015-07-09 00:00:00,2483
13_BEVERAGES,2015-07-10 00:00:00,1255
13_BEVERAGES,2015-07-11 00:00:00,1375
13_BEVERAGES,2015-07-12 00:00:00,1195
13_BEVERAGES,2015-07-13 00:00:00,1130
13_BEVERAGES,2015-07-14 00:00:00,1412
13_BEVERAGES,2015-07-15 00:00:00,1126
13_BEVERAGES,2015-07-16 00:00:00,1764
13_BEVERAGES,2015-07-17 00:00:00,1268
13_BEVERAGES,2015-07-18 00:00:00,1464
13_BEVERAGES,2015-07-19 00:00:00,1089
13_BEVERAGES,2015-07-20 00:00:00,1796
13_BEVERAGES,2015-07-21 00:00:00,1096
13_BEVERAGES,2015-07-22 00:00:00,1261
13_BEVERAGES,2015-07-23 00:00:00,2052
13_BEVERAGES,2015-07-24 00:00:00,1168
13_BEVERAGES,2015-07-25 00:00:00,1435
13_BEVERAGES,2015-07-26 00:00:00,1125
13_BEVERAGES,2015-07-27 00:00:00,1125
13_BEVERAGES,2015-07-28 00:00:00,1023
13_BEVERAGES,2015-07-29 00:00:00,1412
13_BEVERAGES,2015-07-30 00:00:00,2025
13_BEVERAGES,2015-07-31 00:00:00,1562
13_BEVERAGES,2015-08-01 00:00:00,1412
13_BEVERAGES,2015-08-02 00:00:00,1699
13_BEVERAGES,2015-08-03 00:00:00,1292
13_BEVERAGES,2015-08-04 00:00:00,1151
13_BEVERAGES,2015-08-05 00:00:00,1262
13_BEVERAGES,2015-08-06 00:00:00,2142
13_BEVERAGES,2015-08-07 00:00:00,1153
13_BEVERAGES,2015-08-08 00:00:00,1431
13_BEVERAGES,2015-08-09 00:00:00,1234
13_BEVERAGES,2015-08-10 00:00:00,1245
13_BEVERAGES,2015-08-11 00:00:00,999
13_BEVERAGES,2015-08-12 00:00:00,2830
13_BEVERAGES,2015-08-13 00:00:00,2737
13_BEVERAGES,2015-08-14 00:00:00,1492
13_BEVERAGES,2015-08-15 00:00:00,1682
13_BEVERAGES,2015-08-16 00:00:00,1687
13_BEVERAGES,2015-08-17 00:00:00,1165
13_BEVERAGES,2015-08-18 00:00:00,1272
13_BEVERAGES,2015-08-19 00:00:00,1122
13_BEVERAGES,2015-08-20 00:00:00,2492
13_BEVERAGES,2015-08-21 00:00:00,1104
13_BEVERAGES,2015-08-22 00:00:00,1351
13_BEVERAGES,2015-08-23 00:00:00,1058
13_BEVERAGES,2015-08-24 00:00:00,1190
13_BEVERAGES,2015-08-25 00:00:00,969
13_BEVERAGES,2015-08-26 00:00:00,1099
13_BEVERAGES,2015-08-27 00:00:00,2090
13_BEVERAGES,2015-08-28 00:00:00,1295
13_BEVERAGES,2015-08-29 00:00:00,1562
13_BEVERAGES,2015-08-30 00:00:00,2282
13_BEVERAGES,2015-08-31 00:00:00,1566
13_BEVERAGES,2015-09-01 00:00:00,1799
13_BEVERAGES,2015-09-02 00:00:00,1604
13_BEVERAGES,2015-09-03 00:00:00,2791
13_BEVERAGES,2015-09-04 00:00:00,2071
13_BEVERAGES,2015-09-05 00:00:00,2273
13_BEVERAGES,2015-09-06 00:00:00,1736
13_BEVERAGES,2015-09-07 00:00:00,1454
13_BEVERAGES,2015-09-08 00:00:00,1444
13_BEVERAGES,2015-09-09 00:00:00,1441
13_BEVERAGES,2015-09-10 00:00:00,2616
13_BEVERAGES,2015-09-11 00:00:00,2116
13_BEVERAGES,2015-09-12 00:00:00,2690
13_BEVERAGES,2015-09-13 00:00:00,1644
13_BEVERAGES,2015-09-14 00:00:00,1634
13_BEVERAGES,2015-09-15 00:00:00,1313
13_BEVERAGES,2015-09-16 00:00:00,1289
13_BEVERAGES,2015-09-17 00:00:00,2253
13_BEVERAGES,2015-09-18 00:00:00,1917
13_BEVERAGES,2015-09-19 00:00:00,1680
13_BEVERAGES,2015-09-20 00:00:00,1586
13_BEVERAGES,2015-09-21 00:00:00,1278
13_BEVERAGES,2015-09-22 00:00:00,1184
13_BEVERAGES,2015-09-23 00:00:00,1481
13_BEVERAGES,2015-09-24 00:00:00,2337
13_BEVERAGES,2015-09-25 00:00:00,1952
13_BEVERAGES,2015-09-26 00:00:00,1591
13_BEVERAGES,2015-09-27 00:00:00,1408
13_BEVERAGES,2015-09-28 00:00:00,1517
13_BEVERAGES,2015-09-29 00:00:00,1935
13_BEVERAGES,2015-09-30 00:00:00,1803
13_BEVERAGES,2015-10-01 00:00:00,2794
13_BEVERAGES,2015-10-02 00:00:00,2075
13_BEVERAGES,2015-10-03 00:00:00,2421
13_BEVERAGES,2015-10-04 00:00:00,1995
13_BEVERAGES,2015-10-05 00:00:00,1359
13_BEVERAGES,2015-10-06 00:00:00,1330
13_BEVERAGES,2015-10-07 00:00:00,1460
13_BEVERAGES,2015-10-08 00:00:00,2427
13_BEVERAGES,2015-10-09 00:00:00,2332
13_BEVERAGES,2015-10-10 00:00:00,1508
13_BEVERAGES,2015-10-11 00:00:00,1169
13_BEVERAGES,2015-10-12 00:00:00,1756
13_BEVERAGES,2015-10-13 00:00:00,1057
13_BEVERAGES,2015-10-14 00:00:00,959
13_BEVERAGES,2015-10-15 00:00:00,2276
13_BEVERAGES,2015-10-16 00:00:00,1780
13_BEVERAGES,2015-10-17 00:00:00,1526
13_BEVERAGES,2015-10-18 00:00:00,1418
13_BEVERAGES,2015-10-19 00:00:00,1295
13_BEVERAGES,2015-10-20 00:00:00,1152
13_BEVERAGES,2015-10-21 00:00:00,1325
13_BEVERAGES,2015-10-22 00:00:00,2356
13_BEVERAGES,2015-10-23 00:00:00,1726
13_BEVERAGES,2015-10-24 00:00:00,1706
13_BEVERAGES,2015-10-25 00:00:00,1211
13_BEVERAGES,2015-10-26 00:00:00,1153
13_BEVERAGES,2015-10-27 00:00:00,1416
13_BEVERAGES,2015-10-28 00:00:00,1309
13_BEVERAGES,2015-10-29 00:00:00,2245
13_BEVERAGES,2015-10-30 00:00:00,1329
13_BEVERAGES,2015-10-31 00:00:00,1366
13_BEVERAGES,2015-11-01 00:00:00,2424
13_BEVERAGES,2015-11-02 00:00:00,2316
13_BEVERAGES,2015-11-03 00:00:00,1416
13_BEVERAGES,2015-11-04 00:00:00,1197
13_BEVERAGES,2015-11-05 00:00:00,2149
13_BEVERAGES,2015-11-06 00:00:00,2260
13_BEVERAGES,2015-11-07 00:00:00,1545
13_BEVERAGES,2015-11-08 00:00:00,1540
13_BEVERAGES,2015-11-09 00:00:00,800
13_BEVERAGES,2015-11-10 00:00:00,1073
13_BEVERAGES,2015-11-11 00:00:00,1679
13_BEVERAGES,2015-11-12 00:00:00,1941
13_BEVERAGES,2015-11-13 00:00:00,1761
13_BEVERAGES,2015-11-14 00:00:00,1828
13_BEVERAGES,2015-11-15 00:00:00,1330
13_BEVERAGES,2015-11-16 00:00:00,1341
13_BEVERAGES,2015-11-17 00:00:00,1330
13_BEVERAGES,2015-11-18 00:00:00,1175
13_BEVERAGES,2015-11-19 00:00:00,2170
13_BEVERAGES,2015-11-20 00:00:00,1812
13_BEVERAGES,2015-11-21 00:00:00,1314
13_BEVERAGES,2015-11-22 00:00:00,1439
13_BEVERAGES,2015-11-23 00:00:00,1064
13_BEVERAGES,2015-11-24 00:00:00,1568
13_BEVERAGES,2015-11-25 00:00:00,1232
13_BEVERAGES,2015-11-26 00:00:00,2104
13_BEVERAGES,2015-11-27 00:00:00,2198
13_BEVERAGES,2015-11-28 00:00:00,1408
13_BEVERAGES,2015-11-29 00:00:00,1795
13_BEVERAGES,2015-11-30 00:00:00,1580
13_BEVERAGES,2015-12-01 00:00:00,1330
13_BEVERAGES,2015-12-02 00:00:00,1409
13_BEVERAGES,2015-12-03 00:00:00,2451
13_BEVERAGES,2015-12-04 00:00:00,2173
13_BEVERAGES,2015-12-05 00:00:00,1714
13_BEVERAGES,2015-12-06 00:00:00,1425
13_BEVERAGES,2015-12-07 00:00:00,1595
13_BEVERAGES,2015-12-08 00:00:00,1270
13_BEVERAGES,2015-12-09 00:00:00,1532
13_BEVERAGES,2015-12-10 00:00:00,2363
13_BEVERAGES,2015-12-11 00:00:00,2318
13_BEVERAGES,2015-12-12 00:00:00,1265
13_BEVERAGES,2015-12-13 00:00:00,1690
13_BEVERAGES,2015-12-14 00:00:00,1262
13_BEVERAGES,2015-12-15 00:00:00,1787
13_BEVERAGES,2015-12-16 00:00:00,1968
13_BEVERAGES,2015-12-17 00:00:00,2317
13_BEVERAGES,2015-12-18 00:00:00,2031
13_BEVERAGES,2015-12-19 00:00:00,1919
13_BEVERAGES,2015-12-20 00:00:00,2078
13_BEVERAGES,2015-12-21 00:00:00,1608
13_BEVERAGES,2015-12-22 00:00:00,1707
13_BEVERAGES,2015-12-23 00:00:00,2587
13_BEVERAGES,2015-12-24 00:00:00,1505
13_BEVERAGES,2015-12-25 00:00:00,1270
13_BEVERAGES,2015-12-26 00:00:00,1851
13_BEVERAGES,2015-12-27 00:00:00,1722
13_BEVERAGES,2015-12-28 00:00:00,1590
13_BEVERAGES,2015-12-29 00:00:00,0
13_BEVERAGES,2015-12-30 00:00:00,3660
13_BEVERAGES,2015-12-31 00:00:00,2584
13_BEVERAGES,2016-01-01 00:00:00,1773
13_BEVERAGES,2016-01-02 00:00:00,2419
13_BEVERAGES,2016-01-03 00:00:00,2032
13_BEVERAGES,2016-01-04 00:00:00,1866
13_BEVERAGES,2016-01-05 00:00:00,1664
13_BEVERAGES,2016-01-06 00:00:00,2768
13_BEVERAGES,2016-01-07 00:00:00,2637
13_BEVERAGES,2016-01-08 00:00:00,1745
13_BEVERAGES,2016-01-09 00:00:00,1990
13_BEVERAGES,2016-01-10 00:00:00,1551
13_BEVERAGES,2016-01-11 00:00:00,1982
13_BEVERAGES,2016-01-12 00:00:00,1663
13_BEVERAGES,2016-01-13 00:00:00,2420
13_BEVERAGES,2016-01-14 00:00:00,2361
13_BEVERAGES,2016-01-15 00:00:00,1805
13_BEVERAGES,2016-01-16 00:00:00,1561
13_BEVERAGES,2016-01-17 00:00:00,1377
13_BEVERAGES,2016-01-18 00:00:00,1456
13_BEVERAGES,2016-01-19 00:00:00,1200
13_BEVERAGES,2016-01-20 00:00:00,2513
13_BEVERAGES,2016-01-21 00:00:00,2308
13_BEVERAGES,2016-01-22 00:00:00,1533
13_BEVERAGES,2016-01-23 00:00:00,1373
13_BEVERAGES,2016-01-24 00:00:00,1165
13_BEVERAGES,2016-01-25 00:00:00,1485
13_BEVERAGES,2016-01-26 00:00:00,1279
13_BEVERAGES,2016-01-27 00:00:00,2706
13_BEVERAGES,2016-01-28 00:00:00,2160
13_BEVERAGES,2016-01-29 00:00:00,2118
13_BEVERAGES,2016-01-30 00:00:00,1988
13_BEVERAGES,2016-01-31 00:00:00,1657
13_BEVERAGES,2016-02-01 00:00:00,1476
13_BEVERAGES,2016-02-02 00:00:00,1444
13_BEVERAGES,2016-02-03 00:00:00,1867
13_BEVERAGES,2016-02-04 00:00:00,1472
13_BEVERAGES,2016-02-05 00:00:00,1422
13_BEVERAGES,2016-02-06 00:00:00,1148
13_BEVERAGES,2016-02-07 00:00:00,2335
13_BEVERAGES,2016-02-08 00:00:00,1141
13_BEVERAGES,2016-02-09 00:00:00,1475
13_BEVERAGES,2016-02-10 00:00:00,2454
13_BEVERAGES,2016-02-11 00:00:00,1641
13_BEVERAGES,2016-02-12 00:00:00,1722
13_BEVERAGES,2016-02-13 00:00:00,1691
13_BEVERAGES,2016-02-14 00:00:00,1411
13_BEVERAGES,2016-02-15 00:00:00,1311
13_BEVERAGES,2016-02-16 00:00:00,1119
13_BEVERAGES,2016-02-17 00:00:00,2262
13_BEVERAGES,2016-02-18 00:00:00,1952
13_BEVERAGES,2016-02-19 00:00:00,1644
13_BEVERAGES,2016-02-20 00:00:00,1529
13_BEVERAGES,2016-02-21 00:00:00,1230
13_BEVERAGES,2016-02-22 00:00:00,2103
13_BEVERAGES,2016-02-23 00:00:00,1122
13_BEVERAGES,2016-02-24 00:00:00,2748
13_BEVERAGES,2016-02-25 00:00:00,1783
13_BEVERAGES,2016-02-26 00:00:00,1569
13_BEVERAGES,2016-02-27 00:00:00,2100
13_BEVERAGES,2016-02-28 00:00:00,1560
13_BEVERAGES,2016-02-29 00:00:00,1633
13_BEVERAGES,2016-03-01 00:00:00,1408
13_BEVERAGES,2016-03-02 00:00:00,2467
13_BEVERAGES,2016-03-03 00:00:00,2328
13_BEVERAGES,2016-03-04 00:00:00,1820
13_BEVERAGES,2016-03-05 00:00:00,1626
13_BEVERAGES,2016-03-06 00:00:00,1387
13_BEVERAGES,2016-03-07 00:00:00,1162
13_BEVERAGES,2016-03-08 00:00:00,1276
13_BEVERAGES,2016-03-09 00:00:00,2172
13_BEVERAGES,2016-03-10 00:00:00,1832
13_BEVERAGES,2016-03-11 00:00:00,1534
13_BEVERAGES,2016-03-12 00:00:00,1498
13_BEVERAGES,2016-03-13 00:00:00,1342
13_BEVERAGES,2016-03-14 00:00:00,1338
13_BEVERAGES,2016-03-15 00:00:00,1483
13_BEVERAGES,2016-03-16 00:00:00,2190
13_BEVERAGES,2016-03-17 00:00:00,1643
13_BEVERAGES,2016-03-18 00:00:00,1432
13_BEVERAGES,2016-03-19 00:00:00,1488
13_BEVERAGES,2016-03-20 00:00:00,1291
13_BEVERAGES,2016-03-21 00:00:00,1709
13_BEVERAGES,2016-03-22 00:00:00,1311
13_BEVERAGES,2016-03-23 00:00:00,2338
13_BEVERAGES,2016-03-24 00:00:00,1453
13_BEVERAGES,2016-03-25 00:00:00,1743
13_BEVERAGES,2016-03-26 00:00:00,1430
13_BEVERAGES,2016-03-27 00:00:00,960
13_BEVERAGES,2016-03-28 00:00:00,1100
13_BEVERAGES,2016-03-29 00:00:00,2249
13_BEVERAGES,2016-03-30 00:00:00,2429
13_BEVERAGES,2016-03-31 00:00:00,2087
13_BEVERAGES,2016-04-01 00:00:00,1612
13_BEVERAGES,2016-04-02 00:00:00,1904
13_BEVERAGES,2016-04-03 00:00:00,1408
13_BEVERAGES,2016-04-04 00:00:00,1461
13_BEVERAGES,2016-04-05 00:00:00,1352
13_BEVERAGES,2016-04-06 00:00:00,2420
13_BEVERAGES,2016-04-07 00:00:00,1822
13_BEVERAGES,2016-04-08 00:00:00,1676
13_BEVERAGES,2016-04-09 00:00:00,1353
13_BEVERAGES,2016-04-10 00:00:00,1313
13_BEVERAGES,2016-04-11 00:00:00,1336
13_BEVERAGES,2016-04-12 00:00:00,1314
13_BEVERAGES,2016-04-13 00:00:00,1953
13_BEVERAGES,2016-04-14 00:00:00,2272
13_BEVERAGES,2016-04-15 00:00:00,2153
13_BEVERAGES,2016-04-16 00:00:00,1676
13_BEVERAGES,2016-04-17 00:00:00,1335
13_BEVERAGES,2016-04-18 00:00:00,1463
13_BEVERAGES,2016-04-19 00:00:00,1581
13_BEVERAGES,2016-04-20 00:00:00,2247
13_BEVERAGES,2016-04-21 00:00:00,1918
13_BEVERAGES,2016-04-22 00:00:00,1514
13_BEVERAGES,2016-04-23 00:00:00,1277
13_BEVERAGES,2016-04-24 00:00:00,1441
13_BEVERAGES,2016-04-25 00:00:00,1129
13_BEVERAGES,2016-04-26 00:00:00,1355
13_BEVERAGES,2016-04-27 00:00:00,2450
13_BEVERAGES,2016-04-28 00:00:00,2179
13_BEVERAGES,2016-04-29 00:00:00,2342
13_BEVERAGES,2016-04-30 00:00:00,1377
13_BEVERAGES,2016-05-01 00:00:00,2354
13_BEVERAGES,2016-05-02 00:00:00,1645
13_BEVERAGES,2016-05-03 00:00:00,1793
13_BEVERAGES,2016-05-04 00:00:00,2265
13_BEVERAGES,2016-05-05 00:00:00,1830
13_BEVERAGES,2016-05-06 00:00:00,1784
13_BEVERAGES,2016-05-07 00:00:00,1449
13_BEVERAGES,2016-05-08 00:00:00,1369
13_BEVERAGES,2016-05-09 00:00:00,1248
13_BEVERAGES,2016-05-10 00:00:00,1409
13_BEVERAGES,2016-05-11 00:00:00,2264
13_BEVERAGES,2016-05-12 00:00:00,1744
13_BEVERAGES,2016-05-13 00:00:00,1338
13_BEVERAGES,2016-05-14 00:00:00,1342
13_BEVERAGES,2016-05-15 00:00:00,1141
13_BEVERAGES,2016-05-16 00:00:00,1112
13_BEVERAGES,2016-05-17 00:00:00,1302
13_BEVERAGES,2016-05-18 00:00:00,1914
13_BEVERAGES,2016-05-19 00:00:00,1712
13_BEVERAGES,2016-05-20 00:00:00,1313
13_BEVERAGES,2016-05-21 00:00:00,1266
13_BEVERAGES,2016-05-22 00:00:00,1016
13_BEVERAGES,2016-05-23 00:00:00,949
13_BEVERAGES,2016-05-24 00:00:00,1298
13_BEVERAGES,2016-05-25 00:00:00,1772
13_BEVERAGES,2016-05-26 00:00:00,1339
13_BEVERAGES,2016-05-27 00:00:00,1470
13_BEVERAGES,2016-05-28 00:00:00,1704
13_BEVERAGES,2016-05-29 00:00:00,1152
13_BEVERAGES,2016-05-30 00:00:00,1237
13_BEVERAGES,2016-05-31 00:00:00,1037
13_BEVERAGES,2016-06-01 00:00:00,1787
13_BEVERAGES,2016-06-02 00:00:00,1559
13_BEVERAGES,2016-06-03 00:00:00,1264
13_BEVERAGES,2016-06-04 00:00:00,1046
13_BEVERAGES,2016-06-05 00:00:00,945
13_BEVERAGES,2016-06-06 00:00:00,1096
13_BEVERAGES,2016-06-07 00:00:00,946
13_BEVERAGES,2016-06-08 00:00:00,1493
13_BEVERAGES,2016-06-09 00:00:00,1287
13_BEVERAGES,2016-06-10 00:00:00,1123
13_BEVERAGES,2016-06-11 00:00:00,1136
13_BEVERAGES,2016-06-12 00:00:00,956
13_BEVERAGES,2016-06-13 00:00:00,1001
13_BEVERAGES,2016-06-14 00:00:00,1028
13_BEVERAGES,2016-06-15 00:00:00,1457
13_BEVERAGES,2016-06-16 00:00:00,1269
13_BEVERAGES,2016-06-17 00:00:00,1719
13_BEVERAGES,2016-06-18 00:00:00,1294
13_BEVERAGES,2016-06-19 00:00:00,936
13_BEVERAGES,2016-06-20 00:00:00,923
13_BEVERAGES,2016-06-21 00:00:00,1103
13_BEVERAGES,2016-06-22 00:00:00,1689
13_BEVERAGES,2016-06-23 00:00:00,1269
13_BEVERAGES,2016-06-24 00:00:00,1228
13_BEVERAGES,2016-06-25 00:00:00,1138
13_BEVERAGES,2016-06-26 00:00:00,835
13_BEVERAGES,2016-06-27 00:00:00,805
13_BEVERAGES,2016-06-28 00:00:00,1356
13_BEVERAGES,2016-06-29 00:00:00,1963
13_BEVERAGES,2016-06-30 00:00:00,1314
13_BEVERAGES,2016-07-01 00:00:00,1558
13_BEVERAGES,2016-07-02 00:00:00,1356
13_BEVERAGES,2016-07-03 00:00:00,1125
13_BEVERAGES,2016-07-04 00:00:00,857
13_BEVERAGES,2016-07-05 00:00:00,1053
13_BEVERAGES,2016-07-06 00:00:00,1664
13_BEVERAGES,2016-07-07 00:00:00,1386
13_BEVERAGES,2016-07-08 00:00:00,1309
13_BEVERAGES,2016-07-09 00:00:00,1194
13_BEVERAGES,2016-07-10 00:00:00,1003
13_BEVERAGES,2016-07-11 00:00:00,989
13_BEVERAGES,2016-07-12 00:00:00,1183
13_BEVERAGES,2016-07-13 00:00:00,1609
13_BEVERAGES,2016-07-14 00:00:00,1048
13_BEVERAGES,2016-07-15 00:00:00,1201
13_BEVERAGES,2016-07-16 00:00:00,1054
13_BEVERAGES,2016-07-17 00:00:00,883
13_BEVERAGES,2016-07-18 00:00:00,771
13_BEVERAGES,2016-07-19 00:00:00,1112
13_BEVERAGES,2016-07-20 00:00:00,1842
13_BEVERAGES,2016-07-21 00:00:00,1289
13_BEVERAGES,2016-07-22 00:00:00,1149
13_BEVERAGES,2016-07-23 00:00:00,1349
13_BEVERAGES,2016-07-24 00:00:00,939
13_BEVERAGES,2016-07-25 00:00:00,782
13_BEVERAGES,2016-07-26 00:00:00,1150
13_BEVERAGES,2016-07-27 00:00:00,2003
13_BEVERAGES,2016-07-28 00:00:00,1505
13_BEVERAGES,2016-07-29 00:00:00,1383
13_BEVERAGES,2016-07-30 00:00:00,1282
13_BEVERAGES,2016-07-31 00:00:00,1369
13_BEVERAGES,2016-08-01 00:00:00,1383
13_BEVERAGES,2016-08-02 00:00:00,1290
13_BEVERAGES,2016-08-03 00:00:00,1874
13_BEVERAGES,2016-08-04 00:00:00,1480
13_BEVERAGES,2016-08-05 00:00:00,1273
13_BEVERAGES,2016-08-06 00:00:00,1480
13_BEVERAGES,2016-08-07 00:00:00,1373
13_BEVERAGES,2016-08-08 00:00:00,1262
13_BEVERAGES,2016-08-09 00:00:00,1163
13_BEVERAGES,2016-08-10 00:00:00,1710
13_BEVERAGES,2016-08-11 00:00:00,1229
13_BEVERAGES,2016-08-12 00:00:00,1671
13_BEVERAGES,2016-08-13 00:00:00,1313
13_BEVERAGES,2016-08-14 00:00:00,1071
13_BEVERAGES,2016-08-15 00:00:00,1035
13_BEVERAGES,2016-08-16 00:00:00,1293
13_BEVERAGES,2016-08-17 00:00:00,1635
13_BEVERAGES,2016-08-18 00:00:00,1239
13_BEVERAGES,2016-08-19 00:00:00,1186
13_BEVERAGES,2016-08-20 00:00:00,1358
13_BEVERAGES,2016-08-21 00:00:00,1129
13_BEVERAGES,2016-08-22 00:00:00,1022
13_BEVERAGES,2016-08-23 00:00:00,1331
13_BEVERAGES,2016-08-24 00:00:00,1846
13_BEVERAGES,2016-08-25 00:00:00,1069
13_BEVERAGES,2016-08-26 00:00:00,1457
13_BEVERAGES,2016-08-27 00:00:00,1062
13_BEVERAGES,2016-08-28 00:00:00,1205
13_BEVERAGES,2016-08-29 00:00:00,1377
13_BEVERAGES,2016-08-30 00:00:00,1733
13_BEVERAGES,2016-08-31 00:00:00,3007
13_BEVERAGES,2016-09-01 00:00:00,2012
13_BEVERAGES,2016-09-02 00:00:00,1831
13_BEVERAGES,2016-09-03 00:00:00,1519
13_BEVERAGES,2016-09-04 00:00:00,1571
13_BEVERAGES,2016-09-05 00:00:00,1517
13_BEVERAGES,2016-09-06 00:00:00,1294
13_BEVERAGES,2016-09-07 00:00:00,2253
13_BEVERAGES,2016-09-08 00:00:00,1560
13_BEVERAGES,2016-09-09 00:00:00,1753
13_BEVERAGES,2016-09-10 00:00:00,1404
13_BEVERAGES,2016-09-11 00:00:00,988
13_BEVERAGES,2016-09-12 00:00:00,1234
13_BEVERAGES,2016-09-13 00:00:00,1052
13_BEVERAGES,2016-09-14 00:00:00,2004
13_BEVERAGES,2016-09-15 00:00:00,1808
13_BEVERAGES,2016-09-16 00:00:00,1205
13_BEVERAGES,2016-09-17 00:00:00,1154
13_BEVERAGES,2016-09-18 00:00:00,1144
13_BEVERAGES,2016-09-19 00:00:00,1212
13_BEVERAGES,2016-09-20 00:00:00,1095
13_BEVERAGES,2016-09-21 00:00:00,2097
13_BEVERAGES,2016-09-22 00:00:00,1826
13_BEVERAGES,2016-09-23 00:00:00,1599
13_BEVERAGES,2016-09-24 00:00:00,1131
13_BEVERAGES,2016-09-25 00:00:00,1018
13_BEVERAGES,2016-09-26 00:00:00,1482
13_BEVERAGES,2016-09-27 00:00:00,1554
13_BEVERAGES,2016-09-28 00:00:00,2943
13_BEVERAGES,2016-09-29 00:00:00,1623
13_BEVERAGES,2016-09-30 00:00:00,1742
13_BEVERAGES,2016-10-01 00:00:00,2035
13_BEVERAGES,2016-10-02 00:00:00,1288
13_BEVERAGES,2016-10-03 00:00:00,1389
13_BEVERAGES,2016-10-04 00:00:00,1428
13_BEVERAGES,2016-10-05 00:00:00,2174
13_BEVERAGES,2016-10-06 00:00:00,1703
13_BEVERAGES,2016-10-07 00:00:00,2329
13_BEVERAGES,2016-10-08 00:00:00,1269
13_BEVERAGES,2016-10-09 00:00:00,1269
13_BEVERAGES,2016-10-10 00:00:00,1273
13_BEVERAGES,2016-10-11 00:00:00,1386
13_BEVERAGES,2016-10-12 00:00:00,1901
13_BEVERAGES,2016-10-13 00:00:00,1973
13_BEVERAGES,2016-10-14 00:00:00,1808
13_BEVERAGES,2016-10-15 00:00:00,1355
13_BEVERAGES,2016-10-16 00:00:00,1435
13_BEVERAGES,2016-10-17 00:00:00,1242
13_BEVERAGES,2016-10-18 00:00:00,1623
13_BEVERAGES,2016-10-19 00:00:00,2041
13_BEVERAGES,2016-10-20 00:00:00,1574
13_BEVERAGES,2016-10-21 00:00:00,1488
13_BEVERAGES,2016-10-22 00:00:00,1441
13_BEVERAGES,2016-10-23 00:00:00,1196
13_BEVERAGES,2016-10-24 00:00:00,1375
13_BEVERAGES,2016-10-25 00:00:00,1128
13_BEVERAGES,2016-10-26 00:00:00,1881
13_BEVERAGES,2016-10-27 00:00:00,1475
13_BEVERAGES,2016-10-28 00:00:00,1219
13_BEVERAGES,2016-10-29 00:00:00,1887
13_BEVERAGES,2016-10-30 00:00:00,1468
13_BEVERAGES,2016-10-31 00:00:00,1609
13_BEVERAGES,2016-11-01 00:00:00,2414
13_BEVERAGES,2016-11-02 00:00:00,1725
13_BEVERAGES,2016-11-03 00:00:00,2302
13_BEVERAGES,2016-11-04 00:00:00,1842
13_BEVERAGES,2016-11-05 00:00:00,1575
13_BEVERAGES,2016-11-06 00:00:00,1708
13_BEVERAGES,2016-11-07 00:00:00,1433
13_BEVERAGES,2016-11-08 00:00:00,1569
13_BEVERAGES,2016-11-09 00:00:00,2132
13_BEVERAGES,2016-11-10 00:00:00,1750
13_BEVERAGES,2016-11-11 00:00:00,1684
13_BEVERAGES,2016-11-12 00:00:00,1368
13_BEVERAGES,2016-11-13 00:00:00,1663
13_BEVERAGES,2016-11-14 00:00:00,1327
13_BEVERAGES,2016-11-15 00:00:00,1376
13_BEVERAGES,2016-11-16 00:00:00,2224
13_BEVERAGES,2016-11-17 00:00:00,2298
13_BEVERAGES,2016-11-18 00:00:00,1814
13_BEVERAGES,2016-11-19 00:00:00,1959
13_BEVERAGES,2016-11-20 00:00:00,1362
13_BEVERAGES,2016-11-21 00:00:00,1279
13_BEVERAGES,2016-11-22 00:00:00,1351
13_BEVERAGES,2016-11-23 00:00:00,2516
13_BEVERAGES,2016-11-24 00:00:00,1933
13_BEVERAGES,2016-11-25 00:00:00,1591
13_BEVERAGES,2016-11-26 00:00:00,1484
13_BEVERAGES,2016-11-27 00:00:00,1440
13_BEVERAGES,2016-11-28 00:00:00,1515
13_BEVERAGES,2016-11-29 00:00:00,1877
13_BEVERAGES,2016-11-30 00:00:00,2485
13_BEVERAGES,2016-12-01 00:00:00,2192
13_BEVERAGES,2016-12-02 00:00:00,1895
13_BEVERAGES,2016-12-03 00:00:00,1875
13_BEVERAGES,2016-12-04 00:00:00,1671
13_BEVERAGES,2016-12-05 00:00:00,1170
13_BEVERAGES,2016-12-06 00:00:00,1611
13_BEVERAGES,2016-12-07 00:00:00,2291
13_BEVERAGES,2016-12-08 00:00:00,1781
13_BEVERAGES,2016-12-09 00:00:00,1585
13_BEVERAGES,2016-12-10 00:00:00,1536
13_BEVERAGES,2016-12-11 00:00:00,1661
13_BEVERAGES,2016-12-12 00:00:00,1576
13_BEVERAGES,2016-12-13 00:00:00,1866
13_BEVERAGES,2016-12-14 00:00:00,1854
13_BEVERAGES,2016-12-15 00:00:00,1686
13_BEVERAGES,2016-12-16 00:00:00,1755
13_BEVERAGES,2016-12-17 00:00:00,1323
13_BEVERAGES,2016-12-18 00:00:00,2309
13_BEVERAGES,2016-12-19 00:00:00,2089
13_BEVERAGES,2016-12-20 00:00:00,2033
13_BEVERAGES,2016-12-21 00:00:00,1991
13_BEVERAGES,2016-12-22 00:00:00,1575
13_BEVERAGES,2016-12-23 00:00:00,1792
13_BEVERAGES,2016-12-24 00:00:00,1764
13_BEVERAGES,2016-12-25 00:00:00,1609
13_BEVERAGES,2016-12-26 00:00:00,1766
13_BEVERAGES,2016-12-27 00:00:00,2002
13_BEVERAGES,2016-12-28 00:00:00,0
13_BEVERAGES,2016-12-29 00:00:00,2215
13_BEVERAGES,2016-12-30 00:00:00,1975
13_BEVERAGES,2016-12-31 00:00:00,1692
13_BEVERAGES,2017-01-01 00:00:00,1519
13_BEVERAGES,2017-01-02 00:00:00,1380
13_BEVERAGES,2017-01-03 00:00:00,2126
13_BEVERAGES,2017-01-04 00:00:00,1703
13_BEVERAGES,2017-01-05 00:00:00,1741
13_BEVERAGES,2017-01-06 00:00:00,1633
13_BEVERAGES,2017-01-07 00:00:00,1387
13_BEVERAGES,2017-01-08 00:00:00,1092
13_BEVERAGES,2017-01-09 00:00:00,1069
13_BEVERAGES,2017-01-10 00:00:00,2114
13_BEVERAGES,2017-01-11 00:00:00,1683
13_BEVERAGES,2017-01-12 00:00:00,1983
13_BEVERAGES,2017-01-13 00:00:00,1646
13_BEVERAGES,2017-01-14 00:00:00,1344
13_BEVERAGES,2017-01-15 00:00:00,1398
13_BEVERAGES,2017-01-16 00:00:00,1340
13_BEVERAGES,2017-01-17 00:00:00,1878
13_BEVERAGES,2017-01-18 00:00:00,2385
13_BEVERAGES,2017-01-19 00:00:00,2028
13_BEVERAGES,2017-01-20 00:00:00,1464
13_BEVERAGES,2017-01-21 00:00:00,1240
13_BEVERAGES,2017-01-22 00:00:00,1102
13_BEVERAGES,2017-01-23 00:00:00,1661
13_BEVERAGES,2017-01-24 00:00:00,2211
13_BEVERAGES,2017-01-25 00:00:00,1743
13_BEVERAGES,2017-01-26 00:00:00,1531
13_BEVERAGES,2017-01-27 00:00:00,1458
13_BEVERAGES,2017-01-28 00:00:00,1381
13_BEVERAGES,2017-01-29 00:00:00,1323
13_BEVERAGES,2017-01-30 00:00:00,1770
13_BEVERAGES,2017-01-31 00:00:00,2703
13_BEVERAGES,2017-02-01 00:00:00,1825
13_BEVERAGES,2017-02-02 00:00:00,1358
13_BEVERAGES,2017-02-03 00:00:00,1468
13_BEVERAGES,2017-02-04 00:00:00,1202
13_BEVERAGES,2017-02-05 00:00:00,1016
13_BEVERAGES,2017-02-06 00:00:00,1677
13_BEVERAGES,2017-02-07 00:00:00,2277
13_BEVERAGES,2017-02-08 00:00:00,1782
13_BEVERAGES,2017-02-09 00:00:00,1783
13_BEVERAGES,2017-02-10 00:00:00,1232
13_BEVERAGES,2017-02-11 00:00:00,1325
13_BEVERAGES,2017-02-12 00:00:00,1272
13_BEVERAGES,2017-02-13 00:00:00,1208
13_BEVERAGES,2017-02-14 00:00:00,2170
13_BEVERAGES,2017-02-15 00:00:00,1283
13_BEVERAGES,2017-02-16 00:00:00,1753
13_BEVERAGES,2017-02-17 00:00:00,1332
13_BEVERAGES,2017-02-18 00:00:00,1534
13_BEVERAGES,2017-02-19 00:00:00,2123
13_BEVERAGES,2017-02-20 00:00:00,1509
13_BEVERAGES,2017-02-21 00:00:00,2061
13_BEVERAGES,2017-02-22 00:00:00,1465
13_BEVERAGES,2017-02-23 00:00:00,1284
13_BEVERAGES,2017-02-24 00:00:00,1703
13_BEVERAGES,2017-02-25 00:00:00,1565
13_BEVERAGES,2017-02-26 00:00:00,2269
13_BEVERAGES,2017-02-27 00:00:00,1577
13_BEVERAGES,2017-02-28 00:00:00,2305
13_BEVERAGES,2017-03-01 00:00:00,2204
13_BEVERAGES,2017-03-02 00:00:00,1552
13_BEVERAGES,2017-03-03 00:00:00,1576
13_BEVERAGES,2017-03-04 00:00:00,1136
13_BEVERAGES,2017-03-05 00:00:00,1261
13_BEVERAGES,2017-03-06 00:00:00,1238
13_BEVERAGES,2017-03-07 00:00:00,2315
13_BEVERAGES,2017-03-08 00:00:00,1831
13_BEVERAGES,2017-03-09 00:00:00,1414
13_BEVERAGES,2017-03-10 00:00:00,1245
13_BEVERAGES,2017-03-11 00:00:00,1380
13_BEVERAGES,2017-03-12 00:00:00,1249
13_BEVERAGES,2017-03-13 00:00:00,999
13_BEVERAGES,2017-03-14 00:00:00,2039
13_BEVERAGES,2017-03-15 00:00:00,1638
13_BEVERAGES,2017-03-16 00:00:00,1504
13_BEVERAGES,2017-03-17 00:00:00,1375
13_BEVERAGES,2017-03-18 00:00:00,917
13_BEVERAGES,2017-03-19 00:00:00,1233
13_BEVERAGES,2017-03-20 00:00:00,1371
13_BEVERAGES,2017-03-21 00:00:00,2015
13_BEVERAGES,2017-03-22 00:00:00,1491
13_BEVERAGES,2017-03-23 00:00:00,1516
13_BEVERAGES,2017-03-24 00:00:00,1375
13_BEVERAGES,2017-03-25 00:00:00,1536
13_BEVERAGES,2017-03-26 00:00:00,1050
13_BEVERAGES,2017-03-27 00:00:00,1376
13_BEVERAGES,2017-03-28 00:00:00,2637
13_BEVERAGES,2017-03-29 00:00:00,1817
13_BEVERAGES,2017-03-30 00:00:00,2455
13_BEVERAGES,2017-03-31 00:00:00,1684
13_BEVERAGES,2017-04-01 00:00:00,1541
13_BEVERAGES,2017-04-02 00:00:00,1486
13_BEVERAGES,2017-04-03 00:00:00,1749
13_BEVERAGES,2017-04-04 00:00:00,2053
13_BEVERAGES,2017-04-05 00:00:00,1722
13_BEVERAGES,2017-04-06 00:00:00,1685
13_BEVERAGES,2017-04-07 00:00:00,2002
13_BEVERAGES,2017-04-08 00:00:00,1569
13_BEVERAGES,2017-04-09 00:00:00,1527
13_BEVERAGES,2017-04-10 00:00:00,1375
13_BEVERAGES,2017-04-11 00:00:00,2183
13_BEVERAGES,2017-04-12 00:00:00,1591
13_BEVERAGES,2017-04-13 00:00:00,1897
13_BEVERAGES,2017-04-14 00:00:00,1555
13_BEVERAGES,2017-04-15 00:00:00,1369
13_BEVERAGES,2017-04-16 00:00:00,1455
13_BEVERAGES,2017-04-17 00:00:00,1828
13_BEVERAGES,2017-04-18 00:00:00,2171
13_BEVERAGES,2017-04-19 00:00:00,2279
13_BEVERAGES,2017-04-20 00:00:00,1822
13_BEVERAGES,2017-04-21 00:00:00,1412
13_BEVERAGES,2017-04-22 00:00:00,1493
13_BEVERAGES,2017-04-23 00:00:00,1102
13_BEVERAGES,2017-04-24 00:00:00,1988
13_BEVERAGES,2017-04-25 00:00:00,2630
13_BEVERAGES,2017-04-26 00:00:00,1705
13_BEVERAGES,2017-04-27 00:00:00,2049
13_BEVERAGES,2017-04-28 00:00:00,2023
13_BEVERAGES,2017-04-29 00:00:00,1526
13_BEVERAGES,2017-04-30 00:00:00,1287
13_BEVERAGES,2017-05-01 00:00:00,1024
13_BEVERAGES,2017-05-02 00:00:00,1878
13_BEVERAGES,2017-05-03 00:00:00,1767
13_BEVERAGES,2017-05-04 00:00:00,1329
13_BEVERAGES,2017-05-05 00:00:00,1259
13_BEVERAGES,2017-05-06 00:00:00,1135
13_BEVERAGES,2017-05-07 00:00:00,1203
13_BEVERAGES,2017-05-08 00:00:00,1248
13_BEVERAGES,2017-05-09 00:00:00,1612
13_BEVERAGES,2017-05-10 00:00:00,1675
13_BEVERAGES,2017-05-11 00:00:00,1394
13_BEVERAGES,2017-05-12 00:00:00,1551
13_BEVERAGES,2017-05-13 00:00:00,1393
13_BEVERAGES,2017-05-14 00:00:00,1307
13_BEVERAGES,2017-05-15 00:00:00,1350
13_BEVERAGES,2017-05-16 00:00:00,1831
13_BEVERAGES,2017-05-17 00:00:00,1784
13_BEVERAGES,2017-05-18 00:00:00,1545
13_BEVERAGES,2017-05-19 00:00:00,1475
13_BEVERAGES,2017-05-20 00:00:00,1470
13_BEVERAGES,2017-05-21 00:00:00,1434
13_BEVERAGES,2017-05-22 00:00:00,1616
13_BEVERAGES,2017-05-23 00:00:00,1999
13_BEVERAGES,2017-05-24 00:00:00,1473
13_BEVERAGES,2017-05-25 00:00:00,1494
13_BEVERAGES,2017-05-26 00:00:00,1519
13_BEVERAGES,2017-05-27 00:00:00,1595
13_BEVERAGES,2017-05-28 00:00:00,1871
13_BEVERAGES,2017-05-29 00:00:00,1820
13_BEVERAGES,2017-05-30 00:00:00,2502
13_BEVERAGES,2017-05-31 00:00:00,2264
13_BEVERAGES,2017-06-01 00:00:00,2405
13_BEVERAGES,2017-06-02 00:00:00,2308
13_BEVERAGES,2017-06-03 00:00:00,2421
13_BEVERAGES,2017-06-04 00:00:00,1932
13_BEVERAGES,2017-06-05 00:00:00,1861
13_BEVERAGES,2017-06-06 00:00:00,2113
13_BEVERAGES,2017-06-07 00:00:00,1726
13_BEVERAGES,2017-06-08 00:00:00,2271
13_BEVERAGES,2017-06-09 00:00:00,1333
13_BEVERAGES,2017-06-10 00:00:00,1332
13_BEVERAGES,2017-06-11 00:00:00,1337
13_BEVERAGES,2017-06-12 00:00:00,972
13_BEVERAGES,2017-06-13 00:00:00,2079
13_BEVERAGES,2017-06-14 00:00:00,1567
13_BEVERAGES,2017-06-15 00:00:00,2247
13_BEVERAGES,2017-06-16 00:00:00,1202
13_BEVERAGES,2017-06-17 00:00:00,1242
13_BEVERAGES,2017-06-18 00:00:00,930
13_BEVERAGES,2017-06-19 00:00:00,1299
13_BEVERAGES,2017-06-20 00:00:00,2083
13_BEVERAGES,2017-06-21 00:00:00,1462
13_BEVERAGES,2017-06-22 00:00:00,1523
13_BEVERAGES,2017-06-23 00:00:00,1142
13_BEVERAGES,2017-06-24 00:00:00,1326
13_BEVERAGES,2017-06-25 00:00:00,1242
13_BEVERAGES,2017-06-26 00:00:00,1638
13_BEVERAGES,2017-06-27 00:00:00,2536
13_BEVERAGES,2017-06-28 00:00:00,1827
13_BEVERAGES,2017-06-29 00:00:00,1747
13_BEVERAGES,2017-06-30 00:00:00,1407
13_BEVERAGES,2017-07-01 00:00:00,1458
13_BEVERAGES,2017-07-02 00:00:00,1380
13_BEVERAGES,2017-07-03 00:00:00,1400
13_BEVERAGES,2017-07-04 00:00:00,2078
13_BEVERAGES,2017-07-05 00:00:00,1545
13_BEVERAGES,2017-07-06 00:00:00,1512
13_BEVERAGES,2017-07-07 00:00:00,1539
13_BEVERAGES,2017-07-08 00:00:00,1147
13_BEVERAGES,2017-07-09 00:00:00,1237
13_BEVERAGES,2017-07-10 00:00:00,1498
13_BEVERAGES,2017-07-11 00:00:00,2041
13_BEVERAGES,2017-07-12 00:00:00,1565
13_BEVERAGES,2017-07-13 00:00:00,1792
13_BEVERAGES,2017-07-14 00:00:00,1245
13_BEVERAGES,2017-07-15 00:00:00,1154
13_BEVERAGES,2017-07-16 00:00:00,1224
13_BEVERAGES,2017-07-17 00:00:00,2053
13_BEVERAGES,2017-07-18 00:00:00,1711
13_BEVERAGES,2017-07-19 00:00:00,1315
13_BEVERAGES,2017-07-20 00:00:00,1509
13_BEVERAGES,2017-07-21 00:00:00,1297
13_BEVERAGES,2017-07-22 00:00:00,900
13_BEVERAGES,2017-07-23 00:00:00,1474
13_BEVERAGES,2017-07-24 00:00:00,1721
13_BEVERAGES,2017-07-25 00:00:00,2160
13_BEVERAGES,2017-07-26 00:00:00,1794
13_BEVERAGES,2017-07-27 00:00:00,2264
13_BEVERAGES,2017-07-28 00:00:00,1529