﻿Year,Month,Quarter,Region,Account Group,Account,Cost Center,Revenue,Operating Expenses,Budget,Net Income,Payables,Receivables,Previous Year - Revenue,Previous Year - Operating Expenses,Previous Year - Net Income,Previous Year - Payables,Previous Year - Receivables,DSO,DPO
2015,Jan-15,2015 Q1,France,Other Operating Expenses,Other Operating Expenses,HeadQuarters,29058435.58,10137876.55,11151664.21,4598240.96,2193327.79,15229696.03,27314929.45,9732361.49,4276364.09,2127527.95,14011320.35,35,97
2015,Feb-15,2015 Q1,France,Other Operating Expenses,Other Operating Expenses,HeadQuarters,26455546.49,10683537.14,11645055.48,2126584.27,2240631.47,18533313.52,26455546.49,10256195.65,2126584.27,2061380.95,16679982.17,36,100
2015,Mar-15,2015 Q1,France,Other Operating Expenses,Other Operating Expenses,HeadQuarters,27533315.29,10767489.05,11521213.28,2780236.35,2355401.05,11877191.06,26431982.68,10659814.16,2613422.17,2261185.01,11639647.24,34,99
2015,Apr-15,2015 Q2,France,Other Operating Expenses,Other Operating Expenses,HeadQuarters,27787618.68,10224786.15,11042769.04,2974783.66,2374199.95,12061891.36,27787618.68,9713546.84,2885540.15,2255489.95,12061891.36,37,98
2015,May-15,2015 Q2,France,Other Operating Expenses,Other Operating Expenses,HeadQuarters,26217962.00,11506290.72,11621353.63,991303.02,2468919.10,13008538.63,25955782.38,10930976.18,911998.78,2468919.10,11707684.77,38,100
2015,Jun-15,2015 Q2,France,Other Operating Expenses,Other Operating Expenses,HeadQuarters,28837941.89,11213059.10,11437320.28,2321695.01,2477046.61,11500392.50,28549562.47,11213059.10,2182393.31,2377964.75,10350353.25,40,101
2015,Jul-15,2015 Q3,France,Other Operating Expenses,Other Operating Expenses,HeadQuarters,27009746.88,12014599.82,12855621.81,871336.62,2493636.05,12639341.08,27009746.88,11894453.82,784202.96,2493636.05,12512947.67,38,100
2015,Aug-15,2015 Q3,France,Other Operating Expenses,Other Operating Expenses,HeadQuarters,27402876.48,14337812.55,15341459.43,5288018.56,2623057.50,14641320.30,26032732.66,17420921.92,-5235138.37,2465674.05,14055667.48,37,103
2015,Sep-15,2015 Q3,France,Other Operating Expenses,Other Operating Expenses,HeadQuarters,28061364.00,11359768.51,12154952.31,2009818.66,2737918.07,19269454.10,26938909.44,11359768.51,1949524.10,2601022.17,19076759.56,36,105
2015,Oct-15,2015 Q4,France,Other Operating Expenses,Other Operating Expenses,HeadQuarters,27942931.70,11692069.16,12159751.93,2047009.83,2813455.13,18213152.56,27384073.07,11575148.47,1862778.95,2785320.58,24708889.51,39,101
2015,Nov-15,2015 Q4,France,Other Operating Expenses,Other Operating Expenses,HeadQuarters,26919276.99,12181849.34,12912760.30,1065067.34,2790803.49,21616658.21,25842505.91,11572756.87,1043765.99,2790803.49,28537213.49,42,104
2015,Dec-15,2015 Q4,France,Other Operating Expenses,Other Operating Expenses,HeadQuarters,28862090.20,14616129.51,15931581.17,-507569.70,2996522.78,20227706.50,28573469.30,13885323.03,-507569.70,2936592.32,33850662.14,44,104
2015,Jan-15,2015 Q1,Germany,Other Operating Expenses,Other Operating Expenses,HeadQuarters,29055974.58,10059608.55,10663185.06,4784491.96,2154369.79,15191835.03,27603175.85,9556628.12,4306042.76,2025107.60,13976488.23,,
2015,Feb-15,2015 Q1,Germany,Other Operating Expenses,Other Operating Expenses,HeadQuarters,26437048.49,10633263.14,11377591.56,2231478.27,2187762.47,18454556.52,24586455.10,10526930.51,2164533.92,1968986.22,18270010.95,,
2015,Mar-15,2015 Q1,Germany,Other Operating Expenses,Other Operating Expenses,HeadQuarters,27513783.29,10681688.05,11429406.21,2899229.35,2302547.05,11838728.06,26413231.96,10468054.29,2609306.42,2141368.76,11838728.06,,
2015,Apr-15,2015 Q2,Germany,Other Operating Expenses,Other Operating Expenses,HeadQuarters,27739837.68,10139443.15,10139443.15,3049483.66,2341985.95,11984978.36,26075447.42,9835259.86,2866514.64,2341985.95,11865128.57,,
2015,May-15,2015 Q2,Germany,Other Operating Expenses,Other Operating Expenses,HeadQuarters,26196491.00,11436959.72,12237546.90,1116235.02,2382823.10,12961998.63,24362736.63,11436959.72,1015773.87,2335166.64,12961998.63,,
2015,Jun-15,2015 Q2,Germany,Other Operating Expenses,Other Operating Expenses,HeadQuarters,28798093.89,11136760.10,11916333.31,2440633.01,2421145.61,11458850.50,28798093.89,10914024.90,2318601.36,2203242.51,10885907.98,,
2015,Jul-15,2015 Q3,Germany,Other Operating Expenses,Other Operating Expenses,HeadQuarters,26973550.88,11998831.82,12358796.77,880272.62,2472964.05,12576322.08,26164344.35,11638866.87,853864.44,2423504.77,11947505.97,,
2015,Aug-15,2015 Q3,Germany,Other Operating Expenses,Other Operating Expenses,HeadQuarters,27395905.48,12290920.55,13028375.78,5168086.56,2573787.50,14611466.30,25204233.04,17559283.73,-5064724.83,2445098.13,13880892.98,,
2015,Sep-15,2015 Q3,Germany,Other Operating Expenses,Other Operating Expenses,HeadQuarters,28025835.00,11285176.51,12413694.16,2080637.66,2681316.07,19224214.10,26064026.55,10720917.68,2039024.91,2547250.27,18070761.25,,
2015,Oct-15,2015 Q4,Germany,Other Operating Expenses,Other Operating Expenses,HeadQuarters,27918332.70,11626484.16,12324073.21,2164880.83,2735950.13,22188158.56,25405682.76,11393954.48,2099934.41,2626512.12,24684395.39,,
2015,Nov-15,2015 Q4,Germany,Other Operating Expenses,Other Operating Expenses,HeadQuarters,26872643.99,12154025.34,12640186.35,1059402.34,2779713.49,24600879.41,25797738.23,12032485.09,974650.15,2557336.41,28214232.29,,
2015,Dec-15,2015 Q4,Germany,Other Operating Expenses,Other Operating Expenses,HeadQuarters,28768821.20,14605885.51,15774356.35,-525143.70,2907190.78,24213608.02,26467315.50,14021650.09,-493635.08,2703687.42,33097631.38,,
2015,Jan-15,2015 Q1,Italy,Other Operating Expenses,Other Operating Expenses,HeadQuarters,29041847.58,10051574.55,10051574.55,4774923.96,2147097.79,15172584.03,27880173.68,9548995.82,4345180.80,2061213.88,13655325.63,,
2015,Feb-15,2015 Q1,Italy,Other Operating Expenses,Other Operating Expenses,HeadQuarters,26428885.49,10623458.14,11260865.63,2261373.27,2177044.47,18443179.52,24314574.65,10198519.81,2148304.61,2111733.14,17336588.75,,
2015,Mar-15,2015 Q1,Italy,Other Operating Expenses,Other Operating Expenses,HeadQuarters,27507012.29,10674367.05,10887854.39,2903358.35,2282979.05,11828640.06,26681801.92,10247392.37,2729156.85,2123170.52,10764062.46,,
2015,Apr-15,2015 Q2,Italy,Other Operating Expenses,Other Operating Expenses,HeadQuarters,27721778.68,10129905.15,10231204.20,3074236.66,2333101.95,11973048.36,25781254.17,9826008.00,2889782.46,2169784.81,11134934.97,,
2015,May-15,2015 Q2,Italy,Other Operating Expenses,Other Operating Expenses,HeadQuarters,26190734.00,11425926.72,12225741.59,1166474.02,2376477.10,12950167.63,25928826.66,11197408.19,1166474.02,2281418.01,12173157.57,,
2015,Jun-15,2015 Q2,Italy,Other Operating Expenses,Other Operating Expenses,HeadQuarters,28788488.89,11131707.10,11576975.38,2443688.01,2414348.61,11444756.50,25909640.00,11131707.10,2248192.97,2245344.21,10758071.11,,
2015,Jul-15,2015 Q3,Italy,Other Operating Expenses,Other Operating Expenses,HeadQuarters,26968573.88,11995550.82,12355417.34,917467.62,2462142.05,12571189.08,26429202.40,11995550.82,825720.86,2388277.79,12571189.08,,
2015,Aug-15,2015 Q3,Italy,Other Operating Expenses,Other Operating Expenses,HeadQuarters,27385679.48,12284985.55,13144934.54,5175417.56,2563510.50,14595491.30,26290252.30,17919285.84,-4657875.80,2409699.87,13281897.08,,
2015,Sep-15,2015 Q3,Italy,Other Operating Expenses,Other Operating Expenses,HeadQuarters,28017346.00,11273918.51,12175831.99,2106631.66,2666244.07,19219976.10,25495784.86,10710222.58,2085565.34,2506269.43,17297978.49,,
2015,Oct-15,2015 Q4,Italy,Other Operating Expenses,Other Operating Expenses,HeadQuarters,27915114.70,11617990.16,12431249.47,2158872.83,2728764.13,20173464.56,27077661.26,11153270.55,2094106.65,2510463.00,23159587.40,,
2015,Nov-15,2015 Q4,Italy,Other Operating Expenses,Other Operating Expenses,HeadQuarters,26868420.99,12144526.34,13237533.71,1095963.34,2767018.49,21595629.71,24450263.10,11537300.02,1095963.34,2490316.64,29128720.25,,
2015,Dec-15,2015 Q4,Italy,Other Operating Expenses,Other Operating Expenses,HeadQuarters,28757449.20,14594194.51,16053613.96,-500160.70,2899901.78,21210380.14,27032002.25,14156368.67,-475152.67,2899901.78,33461413.42,,
2015,Jan-15,2015 Q1,Spain,Other Operating Expenses,Other Operating Expenses,HeadQuarters,28850503.58,8832709.40,9186017.78,5001981.96,1931509.79,14998500.03,27407978.40,9421556.69,4701863.04,1912194.69,14098590.03,,
2015,Feb-15,2015 Q1,Spain,Other Operating Expenses,Other Operating Expenses,HeadQuarters,26214164.49,9423706.63,9423706.63,2390349.27,1985836.47,18200995.52,24641314.62,9947245.88,2151314.34,1965978.11,17472955.70,,
2015,Mar-15,2015 Q1,Spain,Other Operating Expenses,Other Operating Expenses,HeadQuarters,27351337.29,9396853.25,9584790.32,3189102.35,2062382.05,11593328.06,27077823.92,10232129.09,3093429.28,1856143.85,11245528.22,,
2015,Apr-15,2015 Q2,Spain,Other Operating Expenses,Other Operating Expenses,HeadQuarters,27537316.68,8925471.14,9460999.41,3316238.66,2171925.95,11763396.36,25609704.51,9619674.45,3249913.89,1954733.35,11763396.36,,
2015,May-15,2015 Q2,Spain,Other Operating Expenses,Other Operating Expenses,HeadQuarters,25975564.00,10101512.45,10505572.95,1326837.02,2219837.10,12750243.63,24417030.16,10774946.61,1313568.65,2086646.87,12750243.63,,
2015,Jun-15,2015 Q2,Spain,Other Operating Expenses,Other Operating Expenses,HeadQuarters,28584468.89,9881736.39,10277005.85,2593100.01,2208867.61,11252747.50,26011866.69,10650315.89,2333790.01,2186778.94,10915165.08,,
2015,Jul-15,2015 Q3,Spain,Other Operating Expenses,Other Operating Expenses,HeadQuarters,26756426.88,10636615.64,11487544.89,1079091.62,2276430.05,12410147.08,25953734.07,11700277.20,1003555.21,2253665.75,11789639.72,,
2015,Aug-15,2015 Q3,Spain,Other Operating Expenses,Other Operating Expenses,HeadQuarters,27151201.48,10837604.30,11054356.39,-4930691.56,2366838.50,14395063.30,25793641.41,10320111.25,-4684156.98,2295833.35,14251112.66,,
2015,Sep-15,2015 Q3,Spain,Other Operating Expenses,Other Operating Expenses,HeadQuarters,27787137.00,9939586.96,10535962.18,2327223.66,2497971.07,18981207.10,26953522.89,10491786.23,2141045.77,2323113.10,17652522.60,,
2015,Oct-15,2015 Q4,Spain,Other Operating Expenses,Other Operating Expenses,HeadQuarters,27742999.70,10303356.74,10715491.01,2370701.83,2572389.13,22937053.56,25800989.72,10448174.16,2228459.72,2443769.67,23440830.35,,
2015,Nov-15,2015 Q4,Spain,Other Operating Expenses,Other Operating Expenses,HeadQuarters,26695599.99,10754695.21,10862242.16,1248405.34,2607099.49,23399968.81,24292995.99,10949661.34,1223437.23,2476744.51,29226633.40,,
2015,Dec-15,2015 Q4,Spain,Other Operating Expenses,Other Operating Expenses,HeadQuarters,28535648.20,12985141.06,13504546.70,-297277.70,2686789.78,23088297.90,26252796.34,10995096.47,-291332.15,2498714.49,34043401.42,,
2015,Jan-15,2015 Q1,UK,Operations and Maintenance,Operations and Maintenance,Call Center Services,0.00,254238.19,279662.01,0.00,0.00,0.00,0.00,242022.11,0.00,0.00,0.00,,
2015,Feb-15,2015 Q1,UK,Operations and Maintenance,Operations and Maintenance,Call Center Services,0.00,273763.06,279238.32,0.00,0.00,0.00,0.00,258743.74,0.00,0.00,0.00,,
2015,Mar-15,2015 Q1,UK,Operations and Maintenance,Operations and Maintenance,Call Center Services,0.00,308866.97,327398.99,0.00,0.00,0.00,0.00,299416.41,0.00,0.00,0.00,,
2015,Apr-15,2015 Q2,UK,Operations and Maintenance,Operations and Maintenance,Call Center Services,0.00,301690.82,328842.99,0.00,0.00,0.00,0.00,285014.93,0.00,0.00,0.00,,
2015,May-15,2015 Q2,UK,Operations and Maintenance,Operations and Maintenance,Call Center Services,0.00,295796.03,304669.91,0.00,0.00,0.00,0.00,279063.17,0.00,0.00,0.00,,
2015,Jun-15,2015 Q2,UK,Operations and Maintenance,Operations and Maintenance,Call Center Services,0.00,102246.28,110425.98,0.00,0.00,0.00,0.00,98156.43,0.00,0.00,0.00,,
2015,Jul-15,2015 Q3,UK,Operations and Maintenance,Operations and Maintenance,Call Center Services,0.00,231857.84,237195.00,0.00,0.00,0.00,0.00,218556.57,0.00,0.00,0.00,,
2015,Aug-15,2015 Q3,UK,Operations and Maintenance,Operations and Maintenance,Call Center Services,0.00,247680.55,270294.99,0.00,0.00,0.00,0.00,260772.80,0.00,0.00,0.00,,
2015,Sep-15,2015 Q3,UK,Operations and Maintenance,Operations and Maintenance,Call Center Services,0.00,281049.36,300012.32,0.00,0.00,0.00,0.00,291737.08,0.00,0.00,0.00,,
2015,Oct-15,2015 Q4,UK,Operations and Maintenance,Operations and Maintenance,Call Center Services,0.00,222375.05,248112.56,0.00,0.00,0.00,0.00,243885.11,0.00,0.00,0.00,,
2015,Nov-15,2015 Q4,UK,Operations and Maintenance,Operations and Maintenance,Call Center Services,0.00,244060.74,258013.78,0.00,0.00,0.00,0.00,252005.80,0.00,0.00,0.00,,
2015,Dec-15,2015 Q4,UK,Operations and Maintenance,Operations and Maintenance,Call Center Services,0.00,237765.63,259586.88,0.00,0.00,0.00,0.00,253706.03,0.00,0.00,0.00,,
2015,Jan-15,2015 Q1,UK,Operations and Maintenance,Operations and Maintenance,Dev & Support,0.00,167356.50,182418.59,0.00,0.00,0.00,0.00,158863.54,0.00,0.00,0.00,,
2015,Feb-15,2015 Q1,UK,Operations and Maintenance,Operations and Maintenance,Dev & Support,0.00,156842.66,167821.65,0.00,0.00,0.00,0.00,144240.15,0.00,0.00,0.00,,
2015,Mar-15,2015 Q1,UK,Operations and Maintenance,Operations and Maintenance,Dev & Support,0.00,136638.22,143470.13,0.00,0.00,0.00,0.00,126068.27,0.00,0.00,0.00,,
2015,Apr-15,2015 Q2,UK,Operations and Maintenance,Operations and Maintenance,Dev & Support,0.00,161312.62,166152.00,0.00,0.00,0.00,0.00,154846.84,0.00,0.00,0.00,,
2015,May-15,2015 Q2,UK,Operations and Maintenance,Operations and Maintenance,Dev & Support,0.00,152000.68,156560.70,0.00,0.00,0.00,0.00,147351.14,0.00,0.00,0.00,,
2015,Jun-15,2015 Q2,UK,Operations and Maintenance,Operations and Maintenance,Dev & Support,0.00,172469.97,184542.87,0.00,0.00,0.00,0.00,161966.23,0.00,0.00,0.00,,
2015,Jul-15,2015 Q3,UK,Operations and Maintenance,Operations and Maintenance,Dev & Support,0.00,107451.86,114574.45,0.00,0.00,0.00,0.00,121184.46,0.00,0.00,0.00,,
2015,Aug-15,2015 Q3,UK,Operations and Maintenance,Operations and Maintenance,Dev & Support,0.00,118360.62,133696.68,0.00,0.00,0.00,0.00,138912.07,0.00,0.00,0.00,,
2015,Sep-15,2015 Q3,UK,Operations and Maintenance,Operations and Maintenance,Dev & Support,0.00,136672.28,152122.79,0.00,0.00,0.00,0.00,164152.79,0.00,0.00,0.00,,
2015,Oct-15,2015 Q4,UK,Operations and Maintenance,Operations and Maintenance,Dev & Support,0.00,115445.98,127481.66,0.00,0.00,0.00,0.00,140249.66,0.00,0.00,0.00,,
2015,Nov-15,2015 Q4,UK,Operations and Maintenance,Operations and Maintenance,Dev & Support,0.00,83977.78,89926.67,0.00,0.00,0.00,0.00,111922.46,0.00,0.00,0.00,,
2015,Dec-15,2015 Q4,UK,Operations and Maintenance,Operations and Maintenance,Dev & Support,0.00,117184.32,127837.22,0.00,0.00,0.00,0.00,141424.07,0.00,0.00,0.00,,
2015,Jan-15,2015 Q1,UK,Operations and Maintenance,Operations and Maintenance,Finance,0.00,73301.65,76233.72,0.00,0.00,0.00,0.00,67437.52,0.00,0.00,0.00,,
2015,Feb-15,2015 Q1,UK,Operations and Maintenance,Operations and Maintenance,Finance,0.00,101621.72,105686.59,0.00,0.00,0.00,0.00,99589.29,0.00,0.00,0.00,,
2015,Mar-15,2015 Q1,UK,Operations and Maintenance,Operations and Maintenance,Finance,0.00,97288.21,101179.74,0.00,0.00,0.00,0.00,93396.68,0.00,0.00,0.00,,
2015,Apr-15,2015 Q2,UK,Operations and Maintenance,Operations and Maintenance,Finance,0.00,95512.46,97422.71,0.00,0.00,0.00,0.00,93602.21,0.00,0.00,0.00,,
2015,May-15,2015 Q2,UK,Operations and Maintenance,Operations and Maintenance,Finance,0.00,107591.44,110819.18,0.00,0.00,0.00,0.00,98984.12,0.00,0.00,0.00,,
2015,Jul-15,2015 Q3,UK,Operations and Maintenance,Operations and Maintenance,Finance,0.00,59638.32,67209.39,0.00,0.00,0.00,0.00,81767.51,0.00,0.00,0.00,,
2015,Aug-15,2015 Q3,UK,Operations and Maintenance,Operations and Maintenance,Finance,0.00,70012.13,80513.34,0.00,0.00,0.00,0.00,96873.69,0.00,0.00,0.00,,
2015,Sep-15,2015 Q3,UK,Operations and Maintenance,Operations and Maintenance,Finance,0.00,72678.53,81292.81,0.00,0.00,0.00,0.00,105390.36,0.00,0.00,0.00,,
2015,Oct-15,2015 Q4,UK,Operations and Maintenance,Operations and Maintenance,Finance,0.00,60535.64,66267.78,0.00,0.00,0.00,0.00,85982.08,0.00,0.00,0.00,,
2015,Nov-15,2015 Q4,UK,Operations and Maintenance,Operations and Maintenance,Finance,0.00,53735.50,56397.57,0.00,0.00,0.00,0.00,84853.32,0.00,0.00,0.00,,
2015,Dec-15,2015 Q4,UK,Operations and Maintenance,Operations and Maintenance,Finance,0.00,63738.20,67687.73,0.00,0.00,0.00,0.00,93307.60,0.00,0.00,0.00,,
2015,Jan-15,2015 Q1,UK,Operations and Maintenance,Operations and Maintenance,Marketing,0.00,83025.30,87176.57,0.00,0.00,0.00,0.00,74722.77,0.00,0.00,0.00,,
2015,Feb-15,2015 Q1,UK,Operations and Maintenance,Operations and Maintenance,Marketing,0.00,86354.57,90672.30,0.00,0.00,0.00,0.00,82036.84,0.00,0.00,0.00,,
2015,Mar-15,2015 Q1,UK,Operations and Maintenance,Operations and Maintenance,Marketing,0.00,79535.88,84308.03,0.00,0.00,0.00,0.00,77945.16,0.00,0.00,0.00,,
2015,Apr-15,2015 Q2,UK,Operations and Maintenance,Operations and Maintenance,Marketing,0.00,85783.04,92645.68,0.00,0.00,0.00,0.00,77204.74,0.00,0.00,0.00,,
2015,May-15,2015 Q2,UK,Operations and Maintenance,Operations and Maintenance,Marketing,0.00,76748.75,84423.63,0.00,0.00,0.00,0.00,72911.31,0.00,0.00,0.00,,
2015,Jun-15,2015 Q2,UK,Operations and Maintenance,Operations and Maintenance,Marketing,0.00,370459.77,381573.56,0.00,0.00,0.00,0.00,353449.78,0.00,0.00,0.00,,
2015,Jul-15,2015 Q3,UK,Operations and Maintenance,Operations and Maintenance,Marketing,0.00,37238.52,43017.60,0.00,0.00,0.00,0.00,63714.38,0.00,0.00,0.00,,
2015,Aug-15,2015 Q3,UK,Operations and Maintenance,Operations and Maintenance,Marketing,0.00,46441.32,48884.56,0.00,0.00,0.00,0.00,79710.69,0.00,0.00,0.00,,
2015,Sep-15,2015 Q3,UK,Operations and Maintenance,Operations and Maintenance,Marketing,0.00,57470.48,63018.71,0.00,0.00,0.00,0.00,88424.89,0.00,0.00,0.00,,
2015,Oct-15,2015 Q4,UK,Operations and Maintenance,Operations and Maintenance,Marketing,0.00,56596.10,62091.87,0.00,0.00,0.00,0.00,85527.86,0.00,0.00,0.00,,
2015,Nov-15,2015 Q4,UK,Operations and Maintenance,Operations and Maintenance,Marketing,0.00,30335.25,34908.72,0.00,0.00,0.00,0.00,60271.77,0.00,0.00,0.00,,
2015,Dec-15,2015 Q4,UK,Operations and Maintenance,Operations and Maintenance,Marketing,0.00,63028.05,72830.86,0.00,0.00,0.00,0.00,90430.88,0.00,0.00,0.00,,
2015,Jan-15,2015 Q1,UK,Operations and Maintenance,Operations and Maintenance,Sales,0.00,468408.79,501197.41,0.00,0.00,0.00,0.00,428548.75,0.00,0.00,0.00,,
2015,Feb-15,2015 Q1,UK,Operations and Maintenance,Operations and Maintenance,Sales,0.00,336333.99,369967.39,0.00,0.00,0.00,0.00,312925.80,0.00,0.00,0.00,,
2015,Mar-15,2015 Q1,UK,Operations and Maintenance,Operations and Maintenance,Sales,0.00,293423.38,313963.02,0.00,0.00,0.00,0.00,272575.43,0.00,0.00,0.00,,
2015,Apr-15,2015 Q2,UK,Operations and Maintenance,Operations and Maintenance,Sales,0.00,438009.49,451149.77,0.00,0.00,0.00,0.00,415582.96,0.00,0.00,0.00,,
2015,May-15,2015 Q2,UK,Operations and Maintenance,Operations and Maintenance,Sales,0.00,377222.75,388539.43,0.00,0.00,0.00,0.00,346970.17,0.00,0.00,0.00,,
2015,Jun-15,2015 Q2,UK,Operations and Maintenance,Operations and Maintenance,Sales,0.00,304002.30,328322.48,0.00,0.00,0.00,0.00,284127.84,0.00,0.00,0.00,,
2015,Jul-15,2015 Q3,UK,Operations and Maintenance,Operations and Maintenance,Sales,0.00,270683.00,289023.98,0.00,0.00,0.00,0.00,254046.45,0.00,0.00,0.00,,
2015,Aug-15,2015 Q3,UK,Operations and Maintenance,Operations and Maintenance,Sales,0.00,384343.66,401117.41,0.00,0.00,0.00,0.00,380348.11,0.00,0.00,0.00,,
2015,Sep-15,2015 Q3,UK,Operations and Maintenance,Operations and Maintenance,Sales,0.00,299112.38,332332.49,0.00,0.00,0.00,0.00,335830.33,0.00,0.00,0.00,,
2015,Oct-15,2015 Q4,UK,Operations and Maintenance,Operations and Maintenance,Sales,0.00,250363.47,264631.64,0.00,0.00,0.00,0.00,263459.54,0.00,0.00,0.00,,
2015,Nov-15,2015 Q4,UK,Operations and Maintenance,Operations and Maintenance,Sales,0.00,346947.81,373684.16,0.00,0.00,0.00,0.00,356472.66,0.00,0.00,0.00,,
2015,Dec-15,2015 Q4,UK,Operations and Maintenance,Operations and Maintenance,Sales,0.00,309459.70,319793.49,0.00,0.00,0.00,0.00,321587.02,0.00,0.00,0.00,,
2015,Jan-15,2015 Q1,UK,Other Operating Expenses,Other Operating Expenses,Call Center Services,0.00,364879.05,258366.96,0.00,0.00,0.00,0.00,220786.31,0.00,0.00,0.00,,
2015,Feb-15,2015 Q1,UK,Other Operating Expenses,Other Operating Expenses,Call Center Services,0.00,408959.91,292907.91,0.00,0.00,0.00,0.00,256816.28,0.00,0.00,0.00,,
2015,Mar-15,2015 Q1,UK,Other Operating Expenses,Other Operating Expenses,Call Center Services,0.00,354490.68,232440.22,0.00,0.00,0.00,0.00,217091.13,0.00,0.00,0.00,,
2015,Apr-15,2015 Q2,UK,Other Operating Expenses,Other Operating Expenses,Call Center Services,0.00,500772.59,379597.34,0.00,0.00,0.00,0.00,350636.86,0.00,0.00,0.00,,
2015,May-15,2015 Q2,UK,Other Operating Expenses,Other Operating Expenses,Call Center Services,0.00,487974.72,389931.03,0.00,0.00,0.00,0.00,336707.29,0.00,0.00,0.00,,
2015,Jul-15,2015 Q3,UK,Other Operating Expenses,Other Operating Expenses,Call Center Services,0.00,275315.02,291493.63,0.00,0.00,0.00,0.00,258703.13,0.00,0.00,0.00,,
2015,Aug-15,2015 Q3,UK,Other Operating Expenses,Other Operating Expenses,Call Center Services,0.00,313842.75,334839.60,0.00,0.00,0.00,0.00,338568.66,0.00,0.00,0.00,,
2015,Sep-15,2015 Q3,UK,Other Operating Expenses,Other Operating Expenses,Call Center Services,0.00,3245.79,6305.45,0.00,0.00,0.00,0.00,36572.54,0.00,0.00,0.00,,
2015,Oct-15,2015 Q4,UK,Other Operating Expenses,Other Operating Expenses,Call Center Services,0.00,360221.68,247133.25,0.00,0.00,0.00,0.00,252788.58,0.00,0.00,0.00,,
2015,Dec-15,2015 Q4,UK,Other Operating Expenses,Other Operating Expenses,Call Center Services,0.00,413614.21,289986.49,0.00,0.00,0.00,0.00,290212.00,0.00,0.00,0.00,,
2015,Jan-15,2015 Q1,UK,Other Operating Expenses,Other Operating Expenses,Dev & Support,0.00,212720.22,87658.49,0.00,0.00,0.00,0.00,78485.27,0.00,0.00,0.00,,
2015,Feb-15,2015 Q1,UK,Other Operating Expenses,Other Operating Expenses,Dev & Support,0.00,221986.43,95665.89,0.00,0.00,0.00,0.00,86107.54,0.00,0.00,0.00,,
2015,Mar-15,2015 Q1,UK,Other Operating Expenses,Other Operating Expenses,Dev & Support,0.00,185156.27,56259.40,0.00,0.00,0.00,0.00,52961.00,0.00,0.00,0.00,,
2015,Apr-15,2015 Q2,UK,Other Operating Expenses,Other Operating Expenses,Dev & Support,0.00,189721.24,61512.88,0.00,0.00,0.00,0.00,56031.74,0.00,0.00,0.00,,
2015,May-15,2015 Q2,UK,Other Operating Expenses,Other Operating Expenses,Dev & Support,0.00,177898.75,50293.69,0.00,0.00,0.00,0.00,45112.43,0.00,0.00,0.00,,
2015,Jun-15,2015 Q2,UK,Other Operating Expenses,Other Operating Expenses,Dev & Support,0.00,195342.13,69307.96,0.00,0.00,0.00,0.00,59580.67,0.00,0.00,0.00,,
2015,Jul-15,2015 Q3,UK,Other Operating Expenses,Other Operating Expenses,Dev & Support,0.00,23533.87,27631.24,0.00,0.00,0.00,0.00,50573.26,0.00,0.00,0.00,,
2015,Aug-15,2015 Q3,UK,Other Operating Expenses,Other Operating Expenses,Dev & Support,0.00,16700.53,21870.58,0.00,0.00,0.00,0.00,49359.97,0.00,0.00,0.00,,
2015,Sep-15,2015 Q3,UK,Other Operating Expenses,Other Operating Expenses,Dev & Support,0.00,410275.15,423633.40,0.00,0.00,0.00,0.00,415943.85,0.00,0.00,0.00,,
2015,Oct-15,2015 Q4,UK,Other Operating Expenses,Other Operating Expenses,Dev & Support,0.00,144762.81,17250.95,0.00,0.00,0.00,0.00,45276.35,0.00,0.00,0.00,,
2015,Nov-15,2015 Q4,UK,Other Operating Expenses,Other Operating Expenses,Dev & Support,0.00,231915.90,106600.53,0.00,0.00,0.00,0.00,129341.57,0.00,0.00,0.00,,
2015,Dec-15,2015 Q4,UK,Other Operating Expenses,Other Operating Expenses,Dev & Support,0.00,184448.10,61145.50,0.00,0.00,0.00,0.00,82700.13,0.00,0.00,0.00,,
2015,Jan-15,2015 Q1,UK,Other Operating Expenses,Other Operating Expenses,Finance,0.00,189878.24,64771.48,0.00,0.00,0.00,0.00,54708.11,0.00,0.00,0.00,,
2015,Feb-15,2015 Q1,UK,Other Operating Expenses,Other Operating Expenses,Finance,0.00,192163.85,64650.40,0.00,0.00,0.00,0.00,59406.53,0.00,0.00,0.00,,
2015,Mar-15,2015 Q1,UK,Other Operating Expenses,Other Operating Expenses,Finance,0.00,181013.27,53563.93,0.00,0.00,0.00,0.00,47033.54,0.00,0.00,0.00,,
2015,Apr-15,2015 Q2,UK,Other Operating Expenses,Other Operating Expenses,Finance,0.00,154892.56,26137.19,0.00,0.00,0.00,0.00,23647.93,0.00,0.00,0.00,,
2015,May-15,2015 Q2,UK,Other Operating Expenses,Other Operating Expenses,Finance,0.00,148698.08,20380.91,0.00,0.00,0.00,0.00,18137.14,0.00,0.00,0.00,,
2015,Jun-15,2015 Q2,UK,Other Operating Expenses,Other Operating Expenses,Finance,0.00,224045.94,102510.07,0.00,0.00,0.00,0.00,90284.10,0.00,0.00,0.00,,
2015,Jul-15,2015 Q3,UK,Other Operating Expenses,Other Operating Expenses,Finance,0.00,25815.25,26589.71,0.00,0.00,0.00,0.00,22536.71,0.00,0.00,0.00,,
2015,Aug-15,2015 Q3,UK,Other Operating Expenses,Other Operating Expenses,Finance,0.00,23606.24,25494.74,0.00,0.00,0.00,0.00,20980.04,0.00,0.00,0.00,,
2015,Sep-15,2015 Q3,UK,Other Operating Expenses,Other Operating Expenses,Finance,0.00,294879.60,321269.97,0.00,0.00,0.00,0.00,298880.78,0.00,0.00,0.00,,
2015,Oct-15,2015 Q4,UK,Other Operating Expenses,Other Operating Expenses,Finance,0.00,115344.50,21768.62,0.00,0.00,0.00,0.00,18310.06,0.00,0.00,0.00,,
2015,Nov-15,2015 Q4,UK,Other Operating Expenses,Other Operating Expenses,Finance,0.00,334230.60,218406.85,0.00,0.00,0.00,0.00,216304.17,0.00,0.00,0.00,,
2015,Dec-15,2015 Q4,UK,Other Operating Expenses,Other Operating Expenses,Finance,0.00,169228.76,45167.06,0.00,0.00,0.00,0.00,68769.47,0.00,0.00,0.00,,
2015,Jan-15,2015 Q1,UK,Other Operating Expenses,Other Operating Expenses,Marketing,0.00,162674.04,33327.52,0.00,0.00,0.00,0.00,30060.12,0.00,0.00,0.00,,
2015,Feb-15,2015 Q1,UK,Other Operating Expenses,Other Operating Expenses,Marketing,0.00,166287.49,38827.61,0.00,0.00,0.00,0.00,33384.49,0.00,0.00,0.00,,
2015,Mar-15,2015 Q1,UK,Other Operating Expenses,Other Operating Expenses,Marketing,0.00,160641.90,31561.16,0.00,0.00,0.00,0.00,29109.81,0.00,0.00,0.00,,
2015,Apr-15,2015 Q2,UK,Other Operating Expenses,Other Operating Expenses,Marketing,0.00,167153.07,38639.19,0.00,0.00,0.00,0.00,33809.29,0.00,0.00,0.00,,
2015,May-15,2015 Q2,UK,Other Operating Expenses,Other Operating Expenses,Marketing,0.00,154760.05,26988.45,0.00,0.00,0.00,0.00,23769.65,0.00,0.00,0.00,,
2015,Jun-15,2015 Q2,UK,Other Operating Expenses,Other Operating Expenses,Marketing,0.00,270367.08,151596.45,0.00,0.00,0.00,0.00,137559.74,0.00,0.00,0.00,,
2015,Jul-15,2015 Q3,UK,Other Operating Expenses,Other Operating Expenses,Marketing,0.00,3530.24,6227.36,0.00,0.00,0.00,0.00,31556.27,0.00,0.00,0.00,,
2015,Aug-15,2015 Q3,UK,Other Operating Expenses,Other Operating Expenses,Marketing,0.00,233.19,1290.19,0.00,0.00,0.00,0.00,33295.37,0.00,0.00,0.00,,
2015,Sep-15,2015 Q3,UK,Other Operating Expenses,Other Operating Expenses,Marketing,0.00,27101.54,28185.60,0.00,0.00,0.00,0.00,25001.17,0.00,0.00,0.00,,
2015,Oct-15,2015 Q4,UK,Other Operating Expenses,Other Operating Expenses,Marketing,0.00,122768.23,30545.05,0.00,0.00,0.00,0.00,24991.41,0.00,0.00,0.00,,
2015,Nov-15,2015 Q4,UK,Other Operating Expenses,Other Operating Expenses,Marketing,0.00,95231.42,936.05,0.00,0.00,0.00,0.00,30915.58,0.00,0.00,0.00,,
2015,Dec-15,2015 Q4,UK,Other Operating Expenses,Other Operating Expenses,Marketing,0.00,95929.42,4163.07,0.00,0.00,0.00,0.00,33953.31,0.00,0.00,0.00,,
2015,Jan-15,2015 Q1,UK,Other Operating Expenses,Other Operating Expenses,Sales,0.00,209037.24,81408.36,0.00,0.00,0.00,0.00,74142.82,0.00,0.00,0.00,,
2015,Feb-15,2015 Q1,UK,Other Operating Expenses,Other Operating Expenses,Sales,0.00,221699.12,93533.10,0.00,0.00,0.00,0.00,84745.38,0.00,0.00,0.00,,
2015,Mar-15,2015 Q1,UK,Other Operating Expenses,Other Operating Expenses,Sales,0.00,213784.62,86298.16,0.00,0.00,0.00,0.00,77546.46,0.00,0.00,0.00,,
2015,Apr-15,2015 Q2,UK,Other Operating Expenses,Other Operating Expenses,Sales,0.00,244954.43,124150.78,0.00,0.00,0.00,0.00,108657.21,0.00,0.00,0.00,,
2015,May-15,2015 Q2,UK,Other Operating Expenses,Other Operating Expenses,Sales,0.00,230085.13,104088.54,0.00,0.00,0.00,0.00,95406.49,0.00,0.00,0.00,,
2015,Jun-15,2015 Q2,UK,Other Operating Expenses,Other Operating Expenses,Sales,0.00,270009.02,148998.41,0.00,0.00,0.00,0.00,131607.29,0.00,0.00,0.00,,
2015,Jul-15,2015 Q3,UK,Other Operating Expenses,Other Operating Expenses,Sales,0.00,75749.60,86824.56,0.00,0.00,0.00,0.00,91420.10,0.00,0.00,0.00,,
2015,Aug-15,2015 Q3,UK,Other Operating Expenses,Other Operating Expenses,Sales,0.00,57586.63,61290.10,0.00,0.00,0.00,0.00,85603.86,0.00,0.00,0.00,,
2015,Sep-15,2015 Q3,UK,Other Operating Expenses,Other Operating Expenses,Sales,0.00,161259.58,170018.37,0.00,0.00,0.00,0.00,184193.46,0.00,0.00,0.00,,
2015,Oct-15,2015 Q4,UK,Other Operating Expenses,Other Operating Expenses,Sales,0.00,217168.37,90833.42,0.00,0.00,0.00,0.00,113817.26,0.00,0.00,0.00,,
2015,Nov-15,2015 Q4,UK,Other Operating Expenses,Other Operating Expenses,Sales,0.00,215992.69,90832.40,0.00,0.00,0.00,0.00,115054.84,0.00,0.00,0.00,,
2015,Dec-15,2015 Q4,UK,Other Operating Expenses,Other Operating Expenses,Sales,0.00,195693.31,74755.71,0.00,0.00,0.00,0.00,97869.14,0.00,0.00,0.00,,
2015,Jan-15,2015 Q1,UK,Salary & Wage,Salary & Wage,Call Center Services,0.00,274529.38,288255.85,0.00,0.00,0.00,0.00,261880.60,0.00,0.00,0.00,,
2015,Feb-15,2015 Q1,UK,Salary & Wage,Salary & Wage,Call Center Services,0.00,322361.75,351374.31,0.00,0.00,0.00,0.00,306752.13,0.00,0.00,0.00,,
2015,Mar-15,2015 Q1,UK,Salary & Wage,Salary & Wage,Call Center Services,0.00,361664.29,394214.08,0.00,0.00,0.00,0.00,343677.34,0.00,0.00,0.00,,
2015,Apr-15,2015 Q2,UK,Salary & Wage,Salary & Wage,Call Center Services,0.00,331794.95,364974.45,0.00,0.00,0.00,0.00,304279.00,0.00,0.00,0.00,,
2015,May-15,2015 Q2,UK,Salary & Wage,Salary & Wage,Call Center Services,0.00,589108.03,636236.67,0.00,0.00,0.00,0.00,364355.23,0.00,0.00,0.00,,
2015,Jun-15,2015 Q2,UK,Salary & Wage,Salary & Wage,Call Center Services,0.00,129331.89,142265.08,0.00,0.00,0.00,0.00,122865.30,0.00,0.00,0.00,,
2015,Jul-15,2015 Q3,UK,Salary & Wage,Salary & Wage,Call Center Services,0.00,370830.39,407913.43,0.00,0.00,0.00,0.00,304515.15,0.00,0.00,0.00,,
2015,Aug-15,2015 Q3,UK,Salary & Wage,Salary & Wage,Call Center Services,0.00,482263.08,366519.94,0.00,0.00,0.00,0.00,345774.69,0.00,0.00,0.00,,
2015,Sep-15,2015 Q3,UK,Salary & Wage,Salary & Wage,Call Center Services,0.00,480412.75,374721.95,0.00,0.00,0.00,0.00,344287.67,0.00,0.00,0.00,,
2015,Oct-15,2015 Q4,UK,Salary & Wage,Salary & Wage,Call Center Services,0.00,397889.20,338205.82,0.00,0.00,0.00,0.00,294594.91,0.00,0.00,0.00,,
2015,Nov-15,2015 Q4,UK,Salary & Wage,Salary & Wage,Call Center Services,0.00,456050.61,369400.99,0.00,0.00,0.00,0.00,321949.30,0.00,0.00,0.00,,
2015,Dec-15,2015 Q4,UK,Salary & Wage,Salary & Wage,Call Center Services,0.00,492744.13,369558.10,0.00,0.00,0.00,0.00,377686.04,0.00,0.00,0.00,,
2015,Jan-15,2015 Q1,UK,Salary & Wage,Salary & Wage,Dev & Support,0.00,448850.26,475781.28,0.00,0.00,0.00,0.00,415980.89,0.00,0.00,0.00,,
2015,Feb-15,2015 Q1,UK,Salary & Wage,Salary & Wage,Dev & Support,0.00,387363.68,406731.86,0.00,0.00,0.00,0.00,360946.66,0.00,0.00,0.00,,
2015,Mar-15,2015 Q1,UK,Salary & Wage,Salary & Wage,Dev & Support,0.00,390778.52,406409.66,0.00,0.00,0.00,0.00,364195.90,0.00,0.00,0.00,,
2015,Apr-15,2015 Q2,UK,Salary & Wage,Salary & Wage,Dev & Support,0.00,428115.76,440959.23,0.00,0.00,0.00,0.00,395797.00,0.00,0.00,0.00,,
2015,May-15,2015 Q2,UK,Salary & Wage,Salary & Wage,Dev & Support,0.00,367459.90,393182.09,0.00,0.00,0.00,0.00,344776.92,0.00,0.00,0.00,,
2015,Jun-15,2015 Q2,UK,Salary & Wage,Salary & Wage,Dev & Support,0.00,616504.02,659659.30,0.00,0.00,0.00,0.00,933509.23,0.00,0.00,0.00,,
2015,Jul-15,2015 Q3,UK,Salary & Wage,Salary & Wage,Dev & Support,0.00,614342.31,675776.54,0.00,0.00,0.00,0.00,847194.47,0.00,0.00,0.00,,
2015,Aug-15,2015 Q3,UK,Salary & Wage,Salary & Wage,Dev & Support,0.00,970259.75,727694.81,0.00,0.00,0.00,0.00,716413.09,0.00,0.00,0.00,,
2015,Sep-15,2015 Q3,UK,Salary & Wage,Salary & Wage,Dev & Support,0.00,570982.78,439656.74,0.00,0.00,0.00,0.00,426524.13,0.00,0.00,0.00,,
2015,Oct-15,2015 Q4,UK,Salary & Wage,Salary & Wage,Dev & Support,0.00,1067012.46,842939.84,0.00,0.00,0.00,0.00,682133.81,0.00,0.00,0.00,,
2015,Nov-15,2015 Q4,UK,Salary & Wage,Salary & Wage,Dev & Support,0.00,1048252.17,796671.65,0.00,0.00,0.00,0.00,770673.71,0.00,0.00,0.00,,
2015,Dec-15,2015 Q4,UK,Salary & Wage,Salary & Wage,Dev & Support,0.00,958599.81,718949.86,0.00,0.00,0.00,0.00,712786.55,0.00,0.00,0.00,,
2015,Jan-15,2015 Q1,UK,Salary & Wage,Salary & Wage,Finance,0.00,629284.56,641870.25,0.00,0.00,0.00,0.00,600115.05,0.00,0.00,0.00,,
2015,Feb-15,2015 Q1,UK,Salary & Wage,Salary & Wage,Finance,0.00,396855.03,412729.23,0.00,0.00,0.00,0.00,384949.37,0.00,0.00,0.00,,
2015,Mar-15,2015 Q1,UK,Salary & Wage,Salary & Wage,Finance,0.00,430841.20,469616.91,0.00,0.00,0.00,0.00,396373.90,0.00,0.00,0.00,,
2015,Apr-15,2015 Q2,UK,Salary & Wage,Salary & Wage,Finance,0.00,427867.15,462096.52,0.00,0.00,0.00,0.00,406368.35,0.00,0.00,0.00,,
2015,May-15,2015 Q2,UK,Salary & Wage,Salary & Wage,Finance,0.00,486371.17,496098.59,0.00,0.00,0.00,0.00,452325.18,0.00,0.00,0.00,,
2015,Jun-15,2015 Q2,UK,Salary & Wage,Salary & Wage,Finance,0.00,330330.60,353453.74,0.00,0.00,0.00,0.00,307207.46,0.00,0.00,0.00,,
2015,Jul-15,2015 Q3,UK,Salary & Wage,Salary & Wage,Finance,0.00,588274.20,617687.91,0.00,0.00,0.00,0.00,660649.07,0.00,0.00,0.00,,
2015,Aug-15,2015 Q3,UK,Salary & Wage,Salary & Wage,Finance,0.00,901567.68,676175.76,0.00,0.00,0.00,0.00,681190.64,0.00,0.00,0.00,,
2015,Sep-15,2015 Q3,UK,Salary & Wage,Salary & Wage,Finance,0.00,1003173.87,842666.05,0.00,0.00,0.00,0.00,722285.19,0.00,0.00,0.00,,
2015,Oct-15,2015 Q4,UK,Salary & Wage,Salary & Wage,Finance,0.00,1020161.25,785524.16,0.00,0.00,0.00,0.00,666646.71,0.00,0.00,0.00,,
2015,Nov-15,2015 Q4,UK,Salary & Wage,Salary & Wage,Finance,0.00,1007634.97,775878.93,0.00,0.00,0.00,0.00,747105.86,0.00,0.00,0.00,,
2015,Dec-15,2015 Q4,UK,Salary & Wage,Salary & Wage,Finance,0.00,1026183.23,790161.09,0.00,0.00,0.00,0.00,744459.72,0.00,0.00,0.00,,
2015,Jan-15,2015 Q1,UK,Salary & Wage,Salary & Wage,Marketing,0.00,189069.11,198522.57,0.00,0.00,0.00,0.00,179230.52,0.00,0.00,0.00,,
2015,Feb-15,2015 Q1,UK,Salary & Wage,Salary & Wage,Marketing,0.00,288998.84,309228.76,0.00,0.00,0.00,0.00,265878.93,0.00,0.00,0.00,,
2015,Mar-15,2015 Q1,UK,Salary & Wage,Salary & Wage,Marketing,0.00,418356.00,430906.68,0.00,0.00,0.00,0.00,392433.99,0.00,0.00,0.00,,
2015,Apr-15,2015 Q2,UK,Salary & Wage,Salary & Wage,Marketing,0.00,378754.95,393905.15,0.00,0.00,0.00,0.00,350291.21,0.00,0.00,0.00,,
2015,May-15,2015 Q2,UK,Salary & Wage,Salary & Wage,Marketing,0.00,455109.00,500619.90,0.00,0.00,0.00,0.00,241172.11,0.00,0.00,0.00,,
2015,Jun-15,2015 Q2,UK,Salary & Wage,Salary & Wage,Marketing,0.00,610437.43,671481.17,0.00,0.00,0.00,0.00,1008338.40,0.00,0.00,0.00,,
2015,Jul-15,2015 Q3,UK,Salary & Wage,Salary & Wage,Marketing,0.00,523485.96,560129.98,0.00,0.00,0.00,0.00,443786.65,0.00,0.00,0.00,,
2015,Aug-15,2015 Q3,UK,Salary & Wage,Salary & Wage,Marketing,0.00,604966.31,496072.37,0.00,0.00,0.00,0.00,458395.18,0.00,0.00,0.00,,
2015,Sep-15,2015 Q3,UK,Salary & Wage,Salary & Wage,Marketing,0.00,96713.59,79305.14,0.00,0.00,0.00,0.00,71374.64,0.00,0.00,0.00,,
2015,Oct-15,2015 Q4,UK,Salary & Wage,Salary & Wage,Marketing,0.00,561086.89,437647.77,0.00,0.00,0.00,0.00,414333.18,0.00,0.00,0.00,,
2015,Nov-15,2015 Q4,UK,Salary & Wage,Salary & Wage,Marketing,0.00,555834.92,433551.24,0.00,0.00,0.00,0.00,401689.94,0.00,0.00,0.00,,
2015,Dec-15,2015 Q4,UK,Salary & Wage,Salary & Wage,Marketing,0.00,334913.06,271279.58,0.00,0.00,0.00,0.00,253194.27,0.00,0.00,0.00,,
2015,Jan-15,2015 Q1,UK,Salary & Wage,Salary & Wage,Sales,0.00,504934.96,540280.41,0.00,0.00,0.00,0.00,472748.38,0.00,0.00,0.00,,
2015,Feb-15,2015 Q1,UK,Salary & Wage,Salary & Wage,Sales,0.00,1227497.79,1301147.66,0.00,0.00,0.00,0.00,1179314.85,0.00,0.00,0.00,,
2015,Mar-15,2015 Q1,UK,Salary & Wage,Salary & Wage,Sales,0.00,1217516.43,1278392.25,0.00,0.00,0.00,0.00,1151362.55,0.00,0.00,0.00,,
2015,Apr-15,2015 Q2,UK,Salary & Wage,Salary & Wage,Sales,0.00,1434984.76,1478034.30,0.00,0.00,0.00,0.00,1363970.84,0.00,0.00,0.00,,
2015,May-15,2015 Q2,UK,Salary & Wage,Salary & Wage,Sales,0.00,1043907.30,1096102.67,0.00,0.00,0.00,0.00,983256.36,0.00,0.00,0.00,,
2015,Jun-15,2015 Q2,UK,Salary & Wage,Salary & Wage,Sales,0.00,1239734.70,1363708.17,0.00,0.00,0.00,0.00,1148706.42,0.00,0.00,0.00,,
2015,Jul-15,2015 Q3,UK,Salary & Wage,Salary & Wage,Sales,0.00,1037549.42,1099802.39,0.00,0.00,0.00,0.00,1112313.44,0.00,0.00,0.00,,
2015,Aug-15,2015 Q3,UK,Salary & Wage,Salary & Wage,Sales,0.00,1167301.56,875476.17,0.00,0.00,0.00,0.00,877877.86,0.00,0.00,0.00,,
2015,Sep-15,2015 Q3,UK,Salary & Wage,Salary & Wage,Sales,0.00,1534067.32,1257935.20,0.00,0.00,0.00,0.00,1108054.53,0.00,0.00,0.00,,
2015,Oct-15,2015 Q4,UK,Salary & Wage,Salary & Wage,Sales,0.00,1045558.67,805080.18,0.00,0.00,0.00,0.00,1018841.70,0.00,0.00,0.00,,
2015,Nov-15,2015 Q4,UK,Salary & Wage,Salary & Wage,Sales,0.00,1088626.39,892673.64,0.00,0.00,0.00,0.00,1074873.45,0.00,0.00,0.00,,
2015,Dec-15,2015 Q4,UK,Salary & Wage,Salary & Wage,Sales,0.00,1264130.33,1011304.26,0.00,0.00,0.00,0.00,1126205.13,0.00,0.00,0.00,,
2015,Jan-15,2015 Q1,UK,Supplies,Supplies,Call Center Services,0.00,129497.46,137758.19,0.00,0.00,0.00,0.00,121492.03,0.00,0.00,0.00,,
2015,Feb-15,2015 Q1,UK,Supplies,Supplies,Call Center Services,0.00,134983.92,142389.26,0.00,0.00,0.00,0.00,125483.67,0.00,0.00,0.00,,
2015,Mar-15,2015 Q1,UK,Supplies,Supplies,Call Center Services,0.00,136731.29,145587.40,0.00,0.00,0.00,0.00,129450.19,0.00,0.00,0.00,,
2015,Apr-15,2015 Q2,UK,Supplies,Supplies,Call Center Services,0.00,127261.09,137340.33,0.00,0.00,0.00,0.00,122876.18,0.00,0.00,0.00,,
2015,May-15,2015 Q2,UK,Supplies,Supplies,Call Center Services,0.00,140331.48,148888.46,0.00,0.00,0.00,0.00,134556.49,0.00,0.00,0.00,,
2015,Jun-15,2015 Q2,UK,Supplies,Supplies,Call Center Services,0.00,168469.99,176852.46,0.00,0.00,0.00,0.00,160074.40,0.00,0.00,0.00,,
2015,Jul-15,2015 Q3,UK,Supplies,Supplies,Call Center Services,0.00,99531.49,108184.88,0.00,0.00,0.00,0.00,114890.62,0.00,0.00,0.00,,
2015,Aug-15,2015 Q3,UK,Supplies,Supplies,Call Center Services,0.00,118359.87,123751.59,0.00,0.00,0.00,0.00,138405.00,0.00,0.00,0.00,,
2015,Sep-15,2015 Q3,UK,Supplies,Supplies,Call Center Services,0.00,102675.88,106064.91,0.00,0.00,0.00,0.00,132586.27,0.00,0.00,0.00,,
2015,Oct-15,2015 Q4,UK,Supplies,Supplies,Call Center Services,0.00,110221.16,117074.54,0.00,0.00,0.00,0.00,132466.25,0.00,0.00,0.00,,
2015,Nov-15,2015 Q4,UK,Supplies,Supplies,Call Center Services,0.00,83204.77,88533.02,0.00,0.00,0.00,0.00,106365.81,0.00,0.00,0.00,,
2015,Dec-15,2015 Q4,UK,Supplies,Supplies,Call Center Services,0.00,103861.21,113424.46,0.00,0.00,0.00,0.00,131782.06,0.00,0.00,0.00,,
2015,Jan-15,2015 Q1,UK,Supplies,Supplies,Dev & Support,0.00,688828.85,736899.86,0.00,0.00,0.00,0.00,659516.11,0.00,0.00,0.00,,
2015,Feb-15,2015 Q1,UK,Supplies,Supplies,Dev & Support,0.00,174334.18,188493.38,0.00,0.00,0.00,0.00,165177.85,0.00,0.00,0.00,,
2015,Mar-15,2015 Q1,UK,Supplies,Supplies,Dev & Support,0.00,123130.60,128055.83,0.00,0.00,0.00,0.00,116908.97,0.00,0.00,0.00,,
2015,Apr-15,2015 Q2,UK,Supplies,Supplies,Dev & Support,0.00,138908.78,149269.47,0.00,0.00,0.00,0.00,130729.18,0.00,0.00,0.00,,
2015,May-15,2015 Q2,UK,Supplies,Supplies,Dev & Support,0.00,681799.71,710207.96,0.00,0.00,0.00,0.00,667216.83,0.00,0.00,0.00,,
2015,Jun-15,2015 Q2,UK,Supplies,Supplies,Dev & Support,0.00,141908.90,146449.91,0.00,0.00,0.00,0.00,131569.93,0.00,0.00,0.00,,
2015,Jul-15,2015 Q3,UK,Supplies,Supplies,Dev & Support,0.00,70797.60,77071.00,0.00,0.00,0.00,0.00,88217.71,0.00,0.00,0.00,,
2015,Aug-15,2015 Q3,UK,Supplies,Supplies,Dev & Support,0.00,94244.43,103532.66,0.00,0.00,0.00,0.00,116029.15,0.00,0.00,0.00,,
2015,Sep-15,2015 Q3,UK,Supplies,Supplies,Dev & Support,0.00,108459.84,112319.56,0.00,0.00,0.00,0.00,136174.28,0.00,0.00,0.00,,
2015,Oct-15,2015 Q4,UK,Supplies,Supplies,Dev & Support,0.00,86501.33,92022.83,0.00,0.00,0.00,0.00,114877.45,0.00,0.00,0.00,,
2015,Nov-15,2015 Q4,UK,Supplies,Supplies,Dev & Support,0.00,71408.39,76066.15,0.00,0.00,0.00,0.00,98965.93,0.00,0.00,0.00,,
2015,Dec-15,2015 Q4,UK,Supplies,Supplies,Dev & Support,0.00,61644.84,64544.18,0.00,0.00,0.00,0.00,89900.27,0.00,0.00,0.00,,
2015,Jan-15,2015 Q1,UK,Supplies,Supplies,Finance,0.00,641464.32,673292.85,0.00,0.00,0.00,0.00,591615.29,0.00,0.00,0.00,,
2015,Feb-15,2015 Q1,UK,Supplies,Supplies,Finance,0.00,275101.04,289422.01,0.00,0.00,0.00,0.00,260044.75,0.00,0.00,0.00,,
2015,Mar-15,2015 Q1,UK,Supplies,Supplies,Finance,0.00,235593.79,259153.17,0.00,0.00,0.00,0.00,221674.05,0.00,0.00,0.00,,
2015,Apr-15,2015 Q2,UK,Supplies,Supplies,Finance,0.00,239318.07,259638.42,0.00,0.00,0.00,0.00,218463.90,0.00,0.00,0.00,,
2015,May-15,2015 Q2,UK,Supplies,Supplies,Finance,0.00,669566.49,684457.81,0.00,0.00,0.00,0.00,620751.57,0.00,0.00,0.00,,
2015,Jun-15,2015 Q2,UK,Supplies,Supplies,Finance,0.00,131307.52,143124.65,0.00,0.00,0.00,0.00,121852.88,0.00,0.00,0.00,,
2015,Jul-15,2015 Q3,UK,Supplies,Supplies,Finance,0.00,165220.78,176721.84,0.00,0.00,0.00,0.00,202739.86,0.00,0.00,0.00,,
2015,Aug-15,2015 Q3,UK,Supplies,Supplies,Finance,0.00,197336.92,179154.05,0.00,0.00,0.00,0.00,212446.43,0.00,0.00,0.00,,
2015,Sep-15,2015 Q3,UK,Supplies,Supplies,Finance,0.00,223184.67,247244.33,0.00,0.00,0.00,0.00,249299.00,0.00,0.00,0.00,,
2015,Oct-15,2015 Q4,UK,Supplies,Supplies,Finance,0.00,182223.78,188440.50,0.00,0.00,0.00,0.00,206655.57,0.00,0.00,0.00,,
2015,Nov-15,2015 Q4,UK,Supplies,Supplies,Finance,0.00,207917.61,213850.24,0.00,0.00,0.00,0.00,221653.12,0.00,0.00,0.00,,
2015,Dec-15,2015 Q4,UK,Supplies,Supplies,Finance,0.00,230105.43,236556.41,0.00,0.00,0.00,0.00,258389.19,0.00,0.00,0.00,,
2015,Jan-15,2015 Q1,UK,Supplies,Supplies,Marketing,0.00,108313.71,119145.08,0.00,0.00,0.00,0.00,99648.61,0.00,0.00,0.00,,
2015,Feb-15,2015 Q1,UK,Supplies,Supplies,Marketing,0.00,80313.12,82722.51,0.00,0.00,0.00,0.00,77903.73,0.00,0.00,0.00,,
2015,Mar-15,2015 Q1,UK,Supplies,Supplies,Marketing,0.00,85384.21,88799.58,0.00,0.00,0.00,0.00,81968.84,0.00,0.00,0.00,,
2015,Apr-15,2015 Q2,UK,Supplies,Supplies,Marketing,0.00,106804.44,117484.88,0.00,0.00,0.00,0.00,102532.26,0.00,0.00,0.00,,
2015,May-15,2015 Q2,UK,Supplies,Supplies,Marketing,0.00,69826.09,76808.70,0.00,0.00,0.00,0.00,62843.48,0.00,0.00,0.00,,
2015,Jun-15,2015 Q2,UK,Supplies,Supplies,Marketing,0.00,125238.08,134004.75,0.00,0.00,0.00,0.00,115219.03,0.00,0.00,0.00,,
2015,Jul-15,2015 Q3,UK,Supplies,Supplies,Marketing,0.00,48278.41,56606.25,0.00,0.00,0.00,0.00,72702.05,0.00,0.00,0.00,,
2015,Aug-15,2015 Q3,UK,Supplies,Supplies,Marketing,0.00,57028.60,24789.46,0.00,0.00,0.00,0.00,88002.35,0.00,0.00,0.00,,
2015,Sep-15,2015 Q3,UK,Supplies,Supplies,Marketing,0.00,56484.74,58314.43,0.00,0.00,0.00,0.00,82336.27,0.00,0.00,0.00,,
2015,Oct-15,2015 Q4,UK,Supplies,Supplies,Marketing,0.00,47782.67,51921.80,0.00,0.00,0.00,0.00,79160.93,0.00,0.00,0.00,,
2015,Nov-15,2015 Q4,UK,Supplies,Supplies,Marketing,0.00,55470.77,62708.43,0.00,0.00,0.00,0.00,85494.87,0.00,0.00,0.00,,
2015,Dec-15,2015 Q4,UK,Supplies,Supplies,Marketing,0.00,38257.95,44118.59,0.00,0.00,0.00,0.00,69228.77,0.00,0.00,0.00,,
2015,Jan-15,2015 Q1,UK,Supplies,Supplies,Sales,0.00,915584.54,944679.20,0.00,0.00,0.00,0.00,853135.25,0.00,0.00,0.00,,
2015,Feb-15,2015 Q1,UK,Supplies,Supplies,Sales,0.00,599407.56,637412.07,0.00,0.00,0.00,0.00,562962.36,0.00,0.00,0.00,,
2015,Mar-15,2015 Q1,UK,Supplies,Supplies,Sales,0.00,664232.71,692370.03,0.00,0.00,0.00,0.00,635262.34,0.00,0.00,0.00,,
2015,Apr-15,2015 Q2,UK,Supplies,Supplies,Sales,0.00,704089.98,763312.15,0.00,0.00,0.00,0.00,649044.49,0.00,0.00,0.00,,
2015,May-15,2015 Q2,UK,Supplies,Supplies,Sales,0.00,732667.95,759732.67,0.00,0.00,0.00,0.00,695254.64,0.00,0.00,0.00,,
2015,Jun-15,2015 Q2,UK,Supplies,Supplies,Sales,0.00,340412.82,363438.64,0.00,0.00,0.00,0.00,311678.42,0.00,0.00,0.00,,
2015,Jul-15,2015 Q3,UK,Supplies,Supplies,Sales,0.00,680582.09,718162.32,0.00,0.00,0.00,0.00,613126.45,0.00,0.00,0.00,,
2015,Aug-15,2015 Q3,UK,Supplies,Supplies,Sales,0.00,596034.93,644597.48,0.00,0.00,0.00,0.00,566944.32,0.00,0.00,0.00,,
2015,Sep-15,2015 Q3,UK,Supplies,Supplies,Sales,0.00,567073.19,616987.27,0.00,0.00,0.00,0.00,602519.22,0.00,0.00,0.00,,
2015,Oct-15,2015 Q4,UK,Supplies,Supplies,Sales,0.00,722791.22,780921.30,0.00,0.00,0.00,0.00,695530.97,0.00,0.00,0.00,,
2015,Nov-15,2015 Q4,UK,Supplies,Supplies,Sales,0.00,761173.43,799110.53,0.00,0.00,0.00,0.00,739147.14,0.00,0.00,0.00,,
2015,Dec-15,2015 Q4,UK,Supplies,Supplies,Sales,0.00,682143.37,720141.27,0.00,0.00,0.00,0.00,652192.73,0.00,0.00,0.00,,
2015,Jan-15,2015 Q1,UK,T&E,T&E,Call Center Services,11037916.84,220873.75,372112.43,1821016.60,817689.62,5769352.30,10875252.81,322988.14,1744342.22,756578.08,5313877.11,,
2015,Feb-15,2015 Q1,UK,T&E,T&E,Call Center Services,10043669.99,191900.06,341993.27,853111.88,830504.23,7009491.21,9620778.62,303628.01,828416.54,810397.30,6629503.01,,
2015,Mar-15,2015 Q1,UK,T&E,T&E,Call Center Services,10453145.75,170974.94,318530.71,1109414.69,871222.60,4496115.56,10183564.62,285332.51,998473.22,813446.78,4337568.33,,
2015,Apr-15,2015 Q2,UK,T&E,T&E,Call Center Services,10537536.68,202620.82,348870.72,1159034.83,886788.50,4552631.55,10027298.06,315129.68,1098643.01,873720.04,4272285.29,,
2015,May-15,2015 Q2,UK,T&E,T&E,Call Center Services,9953872.00,199622.48,354701.68,437080.94,905273.28,4924310.80,9288534.24,310626.12,423508.43,849527.50,4574425.56,,
2015,Jun-15,2015 Q2,UK,T&E,T&E,Call Center Services,10941127.54,259315.22,419699.10,915285.10,918609.19,4351328.51,10324969.30,363282.15,883490.99,890083.96,4184145.89,,
2015,Jul-15,2015 Q3,UK,T&E,T&E,Call Center Services,10249366.80,454445.91,332636.95,349585.03,936996.42,4778446.45,10049773.86,265612.90,332657.76,871406.67,4755811.71,,
2015,Aug-15,2015 Q3,UK,T&E,T&E,Call Center Services,10408410.33,497762.35,368782.65,-1964884.07,976412.85,5549961.67,10003030.13,328352.59,-1857332.53,930675.62,5053386.15,,
2015,Sep-15,2015 Q3,UK,T&E,T&E,Call Center Services,10649781.96,441843.99,320478.81,803836.29,1016484.82,7304104.30,10375129.68,275742.14,757298.40,930886.10,6685177.57,,
2015,Oct-15,2015 Q4,UK,T&E,T&E,Call Center Services,10608942.49,350776.31,366131.22,818925.02,1037947.25,9569592.27,10285090.56,318891.19,767203.43,1001345.95,9423530.07,,
2015,Nov-15,2015 Q4,UK,T&E,T&E,Call Center Services,10210652.44,367401.80,372834.76,418346.31,1053010.21,9486378.96,9909706.89,329840.61,389502.43,1010335.58,10884984.01,,
2015,Dec-15,2015 Q4,UK,T&E,T&E,Call Center Services,10930531.74,364744.62,376406.10,-182154.03,1102309.24,9340127.52,9992807.18,324097.63,-167581.71,1080843.22,13973145.30,,
2015,Jan-15,2015 Q1,UK,T&E,T&E,Dev & Support,3776129.44,275093.22,436158.84,622979.37,279735.92,1973725.78,3630893.70,380290.83,591830.40,261445.49,1858338.74,,
2015,Feb-15,2015 Q1,UK,T&E,T&E,Dev & Support,3435992.37,234339.68,382565.86,291854.06,284119.87,2397983.84,3272121.96,346836.66,270077.27,274284.95,2300219.88,,
2015,Mar-15,2015 Q1,UK,T&E,T&E,Dev & Support,3576076.18,513311.29,666591.15,379536.60,298049.83,1538144.79,3334003.33,610980.64,362603.43,278791.23,1458871.18,,
2015,Apr-15,2015 Q2,UK,T&E,T&E,Dev & Support,3604946.76,253504.83,409574.17,396511.92,303375.02,1557479.21,3396969.06,358195.15,369366.10,282372.13,1495180.05,,
2015,May-15,2015 Q2,UK,T&E,T&E,Dev & Support,3405272.00,220486.31,366833.77,149527.69,309698.74,1684632.65,3245486.16,327645.03,146307.10,293499.13,1573187.71,,
2015,Jun-15,2015 Q2,UK,T&E,T&E,Dev & Support,3743017.33,147146.65,295914.42,313123.85,314261.03,1488612.39,3573141.92,253238.47,302044.09,292746.24,1421052.29,,
2015,Jul-15,2015 Q3,UK,T&E,T&E,Dev & Support,3506362.33,523672.11,402391.29,119594.87,320551.40,1634731.67,3347227.42,325876.33,115915.03,305263.56,1555510.07,,
2015,Aug-15,2015 Q3,UK,T&E,T&E,Dev & Support,3560771.95,553787.80,434883.07,-672197.18,334035.98,1898671.09,3316996.03,386554.93,-636519.03,318361.98,1811040.12,,
2015,Sep-15,2015 Q3,UK,T&E,T&E,Dev & Support,3643346.46,568106.04,454464.44,274996.63,347744.80,2498772.51,3486402.30,402029.14,261881.41,335974.98,2333469.12,,
2015,Oct-15,2015 Q4,UK,T&E,T&E,Dev & Support,3629375.07,404679.65,417857.24,280158.55,355087.23,3273807.88,3503742.85,371828.16,265935.12,327499.67,3089970.98,,
2015,Nov-15,2015 Q4,UK,T&E,T&E,Dev & Support,3493117.94,414322.19,428594.23,143118.47,360240.33,3587445.44,3296965.93,383481.22,137173.55,336686.16,3768350.80,,
2015,Dec-15,2015 Q4,UK,T&E,T&E,Dev & Support,3739392.44,452049.78,466352.11,-62315.86,377105.79,3537412.05,3566805.10,402641.43,-57809.94,354479.45,4736160.83,,
2015,Jan-15,2015 Q1,UK,T&E,T&E,Finance,3195186.45,114380.24,258008.73,527136.39,236699.63,1670075.66,3139996.87,229229.72,518989.73,218839.57,1612382.14,,
2015,Feb-15,2015 Q1,UK,T&E,T&E,Finance,2907378.15,79442.15,223286.62,246953.44,240409.12,2029063.25,2836015.23,196367.48,228095.18,226421.68,1929454.69,,
2015,Mar-15,2015 Q1,UK,T&E,T&E,Finance,3025910.62,281951.97,443284.79,321146.36,252196.01,1301507.14,2910375.84,381252.60,318518.80,243942.33,1260095.54,,
2015,Apr-15,2015 Q2,UK,T&E,T&E,Finance,3050339.56,97219.38,241417.95,335510.08,256701.94,1317867.03,2906141.70,213145.39,316294.51,237332.61,1211239.61,,
2015,May-15,2015 Q2,UK,T&E,T&E,Finance,2881384.00,64168.11,205424.68,126523.43,262052.79,1425458.39,2711120.40,181412.25,125258.20,252285.36,1358073.08,,
2015,Jun-15,2015 Q2,UK,T&E,T&E,Finance,3167168.50,104351.97,246636.61,264950.95,265913.19,1259595.10,2919553.51,222487.60,261097.12,240288.82,1149666.79,,
2015,Jul-15,2015 Q3,UK,T&E,T&E,Finance,2966921.97,334210.05,206212.96,101195.67,271235.80,1383234.50,2894097.52,163772.25,95215.92,252989.03,1311557.80,,
2015,Aug-15,2015 Q3,UK,T&E,T&E,Finance,3012960.88,349879.32,221247.99,-568782.23,282645.83,1606567.86,2788358.35,192705.70,-536723.59,280333.27,1571515.46,,
2015,Sep-15,2015 Q3,UK,T&E,T&E,Finance,3082831.62,375501.55,245760.96,232689.45,294245.61,2114345.98,2802574.20,219719.72,229093.35,293710.62,1985563.09,,
2015,Oct-15,2015 Q4,UK,T&E,T&E,Finance,3071009.66,212179.37,212372.78,237057.24,300458.41,2770145.13,2914667.36,191362.54,229083.50,274782.88,2581271.60,,
2015,Nov-15,2015 Q4,UK,T&E,T&E,Finance,2955715.18,244040.98,250273.16,121100.25,304818.74,3035530.75,2904661.91,217366.23,111632.41,298722.37,3271627.59,,
2015,Dec-15,2015 Q4,UK,T&E,T&E,Finance,3164101.29,238743.01,244794.20,-52728.79,319089.52,2993194.81,3051919.52,215234.06,-47647.66,297623.49,3857323.53,,
2015,Jan-15,2015 Q1,UK,T&E,T&E,Marketing,4066600.95,395809.54,553806.01,670900.86,301254.07,2125550.84,3828414.32,483847.74,643106.39,281457.37,2049638.32,,
2015,Feb-15,2015 Q1,UK,T&E,T&E,Marketing,3700299.47,316994.91,466368.88,314304.38,305975.25,2582444.13,3599862.77,415261.24,291405.06,283245.66,2445943.52,,
2015,Mar-15,2015 Q1,UK,T&E,T&E,Marketing,3851158.96,313925.23,470890.77,408731.73,320976.74,1656463.63,3614587.77,424965.46,388295.14,304010.83,1533412.05,,
2015,Apr-15,2015 Q2,UK,T&E,T&E,Marketing,3882250.35,340231.51,502964.02,427012.83,326711.56,1677285.31,3649315.33,436259.67,415422.48,301974.82,1579044.31,,
2015,May-15,2015 Q2,UK,T&E,T&E,Marketing,3667216.00,538489.71,711106.21,161029.82,333521.74,1814219.77,3562438.40,639789.26,154588.63,316369.19,1648348.25,,
2015,Jun-15,2015 Q2,UK,T&E,T&E,Marketing,4030941.72,641544.82,815897.66,337210.30,338434.97,1603121.03,3835153.13,734317.93,323721.89,318128.86,1465710.66,,
2015,Jul-15,2015 Q3,UK,T&E,T&E,Marketing,3776082.50,726103.17,630066.38,128794.49,345209.20,1760480.27,3727532.87,502739.51,124010.69,316113.00,1685031.11,,
2015,Aug-15,2015 Q3,UK,T&E,T&E,Marketing,3834677.49,668656.15,552476.20,-723904.65,359731.05,2044722.72,3626509.28,496856.30,-658753.24,340202.79,1945407.61,,
2015,Sep-15,2015 Q3,UK,T&E,T&E,Marketing,3923603.88,580997.16,473868.17,296150.21,374494.41,2690985.80,3581689.82,407459.63,269496.69,345604.84,2579502.09,,
2015,Oct-15,2015 Q4,UK,T&E,T&E,Marketing,3908557.76,545292.23,557811.67,301709.22,382401.62,3525639.26,3813635.64,483459.85,283606.66,366012.98,3359430.56,,
2015,Nov-15,2015 Q4,UK,T&E,T&E,Marketing,3761819.32,583004.67,598689.52,154127.59,387951.13,3663402.78,3627468.63,530716.18,146421.21,349156.01,4157757.28,,
2015,Dec-15,2015 Q4,UK,T&E,T&E,Marketing,4027038.01,556738.60,581425.37,-67109.38,406113.93,3509520.66,3756651.17,496068.66,-60973.66,390449.54,4905309.43,,
2015,Jan-15,2015 Q1,UK,T&E,T&E,Sales,6971315.90,349056.00,510781.76,1150115.76,516435.55,3643801.44,6724415.14,455795.41,1115133.07,476411.80,3332560.07,,
2015,Feb-15,2015 Q1,UK,T&E,T&E,Sales,6343370.52,291166.05,447169.68,538807.50,524528.99,4427047.09,5941623.72,395593.02,501539.98,480381.14,4102396.97,,
2015,Mar-15,2015 Q1,UK,T&E,T&E,Sales,6601986.79,325115.65,489266.30,700682.97,550245.85,2839651.94,6104086.96,431628.48,651343.20,524338.45,2655074.57,,
2015,Apr-15,2015 Q2,UK,T&E,T&E,Sales,6655286.32,345136.48,500100.51,732021.99,560076.95,2875346.25,6430670.41,446209.25,703046.13,523438.58,2674072.02,,
2015,May-15,2015 Q2,UK,T&E,T&E,Sales,6286656.00,350886.59,505437.05,276051.12,571751.54,3110091.03,5995898.16,454115.62,266159.29,522199.74,2992166.75,,
2015,Jun-15,2015 Q2,UK,T&E,T&E,Sales,6910185.82,614677.16,790004.94,578074.80,580174.23,2748207.49,6725914.19,690165.89,530865.36,553341.17,2545527.18,,
2015,Jul-15,2015 Q3,UK,T&E,T&E,Sales,6473284.29,924226.02,508078.43,220790.55,591787.21,3017966.18,6225141.73,404281.80,209567.03,558745.75,2800421.12,,
2015,Aug-15,2015 Q3,UK,T&E,T&E,Sales,6573732.83,1030580.05,526966.87,-1240979.41,616681.81,3505238.94,6017704.60,452021.43,-1183067.04,594327.09,3405923.84,,
2015,Sep-15,2015 Q3,UK,T&E,T&E,Sales,6726178.08,734945.98,529647.17,507686.07,641990.42,4613118.50,6171268.38,452661.67,487167.10,627813.13,4461270.02,,
2015,Oct-15,2015 Q4,UK,T&E,T&E,Sales,6700384.74,488320.16,509411.70,517215.80,655545.63,6043953.02,6460287.62,447959.65,501052.81,611569.45,5701462.35,,
2015,Nov-15,2015 Q4,UK,T&E,T&E,Sales,6448833.12,485171.51,509473.87,264218.73,665059.07,6622976.19,6172070.70,439013.13,252659.16,629312.15,6843742.06,,
2015,Dec-15,2015 Q4,UK,T&E,T&E,Sales,6903493.73,488711.31,502863.83,-115044.66,696195.31,6530606.85,6607218.79,445970.04,-111066.02,665446.68,8350792.88,,
2015,Jan-15,2015 Q1,UK,Taxes & Fees,Taxes & Fees,Call Center Services,0.00,901673.59,937740.53,0.00,0.00,0.00,0.00,868693.84,0.00,0.00,0.00,,
2015,Feb-15,2015 Q1,UK,Taxes & Fees,Taxes & Fees,Call Center Services,0.00,1098139.80,1196972.38,0.00,0.00,0.00,0.00,1026621.18,0.00,0.00,0.00,,
2015,Mar-15,2015 Q1,UK,Taxes & Fees,Taxes & Fees,Call Center Services,0.00,1100755.56,1177808.45,0.00,0.00,0.00,0.00,1033475.51,0.00,0.00,0.00,,
2015,Apr-15,2015 Q2,UK,Taxes & Fees,Taxes & Fees,Call Center Services,0.00,962413.76,1168655.14,0.00,0.00,0.00,0.00,998668.93,0.00,0.00,0.00,,
2015,May-15,2015 Q2,UK,Taxes & Fees,Taxes & Fees,Call Center Services,0.00,963161.41,1105687.87,0.00,0.00,0.00,0.00,1007857.90,0.00,0.00,0.00,,
2015,Jun-15,2015 Q2,UK,Taxes & Fees,Taxes & Fees,Call Center Services,0.00,968002.50,1164122.73,0.00,0.00,0.00,0.00,1006494.70,0.00,0.00,0.00,,
2015,Jul-15,2015 Q3,UK,Taxes & Fees,Taxes & Fees,Call Center Services,0.00,1009779.45,1285675.04,0.00,0.00,0.00,0.00,1076852.65,0.00,0.00,0.00,,
2015,Aug-15,2015 Q3,UK,Taxes & Fees,Taxes & Fees,Call Center Services,0.00,1012228.90,1043645.77,0.00,0.00,0.00,0.00,943813.02,0.00,0.00,0.00,,
2015,Sep-15,2015 Q3,UK,Taxes & Fees,Taxes & Fees,Call Center Services,0.00,845916.17,1152461.98,0.00,0.00,0.00,0.00,1063180.60,0.00,0.00,0.00,,
2015,Oct-15,2015 Q4,UK,Taxes & Fees,Taxes & Fees,Call Center Services,0.00,915175.65,981687.95,0.00,0.00,0.00,0.00,869716.27,0.00,0.00,0.00,,
2015,Nov-15,2015 Q4,UK,Taxes & Fees,Taxes & Fees,Call Center Services,0.00,1139505.97,1245211.51,0.00,0.00,0.00,0.00,1071720.25,0.00,0.00,0.00,,
2015,Dec-15,2015 Q4,UK,Taxes & Fees,Taxes & Fees,Call Center Services,0.00,1038431.69,1070634.64,0.00,0.00,0.00,0.00,995716.34,0.00,0.00,0.00,,
2015,Jan-15,2015 Q1,UK,Taxes & Fees,Taxes & Fees,Dev & Support,0.00,191605.51,203101.84,0.00,0.00,0.00,0.00,177309.39,0.00,0.00,0.00,,
2015,Feb-15,2015 Q1,UK,Taxes & Fees,Taxes & Fees,Dev & Support,0.00,145872.62,153166.25,0.00,0.00,0.00,0.00,141496.44,0.00,0.00,0.00,,
2015,Mar-15,2015 Q1,UK,Taxes & Fees,Taxes & Fees,Dev & Support,0.00,129194.50,133070.34,0.00,0.00,0.00,0.00,118858.94,0.00,0.00,0.00,,
2015,Apr-15,2015 Q2,UK,Taxes & Fees,Taxes & Fees,Dev & Support,0.00,135991.23,145510.62,0.00,0.00,0.00,0.00,127804.53,0.00,0.00,0.00,,
2015,May-15,2015 Q2,UK,Taxes & Fees,Taxes & Fees,Dev & Support,0.00,139676.83,153644.51,0.00,0.00,0.00,0.00,134089.76,0.00,0.00,0.00,,
2015,Jun-15,2015 Q2,UK,Taxes & Fees,Taxes & Fees,Dev & Support,0.00,769324.93,823177.68,0.00,0.00,0.00,0.00,744539.33,0.00,0.00,0.00,,
2015,Jul-15,2015 Q3,UK,Taxes & Fees,Taxes & Fees,Dev & Support,0.00,183555.60,187926.71,0.00,0.00,0.00,0.00,180964.04,0.00,0.00,0.00,,
2015,Aug-15,2015 Q3,UK,Taxes & Fees,Taxes & Fees,Dev & Support,0.00,313559.92,330987.92,0.00,0.00,0.00,0.00,328644.13,0.00,0.00,0.00,,
2015,Sep-15,2015 Q3,UK,Taxes & Fees,Taxes & Fees,Dev & Support,0.00,180911.14,191706.70,0.00,0.00,0.00,0.00,196749.02,0.00,0.00,0.00,,
2015,Oct-15,2015 Q4,UK,Taxes & Fees,Taxes & Fees,Dev & Support,0.00,229541.35,253350.07,0.00,0.00,0.00,0.00,235715.76,0.00,0.00,0.00,,
2015,Nov-15,2015 Q4,UK,Taxes & Fees,Taxes & Fees,Dev & Support,0.00,217958.87,240725.17,0.00,0.00,0.00,0.00,235068.77,0.00,0.00,0.00,,
2015,Dec-15,2015 Q4,UK,Taxes & Fees,Taxes & Fees,Dev & Support,0.00,202618.90,219252.22,0.00,0.00,0.00,0.00,221739.69,0.00,0.00,0.00,,
2015,Jan-15,2015 Q1,UK,Taxes & Fees,Taxes & Fees,Marketing,0.00,204802.29,219138.45,0.00,0.00,0.00,0.00,190466.13,0.00,0.00,0.00,,
2015,Feb-15,2015 Q1,UK,Taxes & Fees,Taxes & Fees,Marketing,0.00,308761.60,321112.06,0.00,0.00,0.00,0.00,293323.52,0.00,0.00,0.00,,
2015,Mar-15,2015 Q1,UK,Taxes & Fees,Taxes & Fees,Marketing,0.00,100053.76,109058.60,0.00,0.00,0.00,0.00,95051.07,0.00,0.00,0.00,,
2015,Apr-15,2015 Q2,UK,Taxes & Fees,Taxes & Fees,Marketing,0.00,485710.26,519709.98,0.00,0.00,0.00,0.00,437139.23,0.00,0.00,0.00,,
2015,May-15,2015 Q2,UK,Taxes & Fees,Taxes & Fees,Marketing,0.00,545653.04,578392.22,0.00,0.00,0.00,0.00,512913.86,0.00,0.00,0.00,,
2015,Aug-15,2015 Q3,UK,Taxes & Fees,Taxes & Fees,Marketing,0.00,2488.80,2638.13,0.00,0.00,0.00,0.00,2183.92,0.00,0.00,0.00,,
2015,Sep-15,2015 Q3,UK,Taxes & Fees,Taxes & Fees,Marketing,0.00,1997.58,2197.34,0.00,0.00,0.00,0.00,1910.19,0.00,0.00,0.00,,
2015,Oct-15,2015 Q4,UK,Taxes & Fees,Taxes & Fees,Marketing,0.00,4858.54,5198.64,0.00,0.00,0.00,0.00,4591.32,0.00,0.00,0.00,,
2015,Nov-15,2015 Q4,UK,Taxes & Fees,Taxes & Fees,Marketing,0.00,17039.75,18573.33,0.00,0.00,0.00,0.00,16485.96,0.00,0.00,0.00,,
2015,Dec-15,2015 Q4,UK,Taxes & Fees,Taxes & Fees,Marketing,0.00,5399.66,5669.64,0.00,0.00,0.00,0.00,5102.68,0.00,0.00,0.00,,
2015,Jan-15,2015 Q1,UK,Taxes & Fees,Taxes & Fees,Sales,0.00,193979.12,203678.08,0.00,0.00,0.00,0.00,190099.54,0.00,0.00,0.00,,
2015,Feb-15,2015 Q1,UK,Taxes & Fees,Taxes & Fees,Sales,0.00,204940.56,219286.40,0.00,0.00,0.00,0.00,190594.72,0.00,0.00,0.00,,
2015,Mar-15,2015 Q1,UK,Taxes & Fees,Taxes & Fees,Sales,0.00,188401.98,201590.12,0.00,0.00,0.00,0.00,173329.82,0.00,0.00,0.00,,
2015,Apr-15,2015 Q2,UK,Taxes & Fees,Taxes & Fees,Sales,0.00,162578.68,173959.19,0.00,0.00,0.00,0.00,154449.75,0.00,0.00,0.00,,
2015,May-15,2015 Q2,UK,Taxes & Fees,Taxes & Fees,Sales,0.00,171761.67,185502.60,0.00,0.00,0.00,0.00,159738.35,0.00,0.00,0.00,,
2015,Jun-15,2015 Q2,UK,Taxes & Fees,Taxes & Fees,Sales,0.00,11362.44,11816.94,0.00,0.00,0.00,0.00,10907.94,0.00,0.00,0.00,,
2015,Jul-15,2015 Q3,UK,Taxes & Fees,Taxes & Fees,Sales,0.00,163060.52,167021.73,0.00,0.00,0.00,0.00,174689.38,0.00,0.00,0.00,,
2015,Aug-15,2015 Q3,UK,Taxes & Fees,Taxes & Fees,Sales,0.00,141501.81,145031.85,0.00,0.00,0.00,0.00,170765.50,0.00,0.00,0.00,,
2015,Sep-15,2015 Q3,UK,Taxes & Fees,Taxes & Fees,Sales,0.00,110594.01,122241.53,0.00,0.00,0.00,0.00,129396.67,0.00,0.00,0.00,,
2015,Oct-15,2015 Q4,UK,Taxes & Fees,Taxes & Fees,Sales,0.00,177735.95,192627.47,0.00,0.00,0.00,0.00,208215.32,0.00,0.00,0.00,,
2015,Nov-15,2015 Q4,UK,Taxes & Fees,Taxes & Fees,Sales,0.00,170931.26,177109.20,0.00,0.00,0.00,0.00,187654.86,0.00,0.00,0.00,,
2015,Dec-15,2015 Q4,UK,Taxes & Fees,Taxes & Fees,Sales,0.00,179063.07,194047.48,0.00,0.00,0.00,0.00,209514.23,0.00,0.00,0.00,,
