﻿Year,Quarter,Month,Region,Cost Center,Employee ID,Age,Salary,Reason,Voluntary Turnover
2015,2015 Q1,Mar-15,UK,Marketing,3870,39,37365,Worklife Balance,1
2015,2015 Q1,Mar-15,UK,Marketing,3909,37,32003,Relocation,1
2015,2015 Q3,Sep-15,UK,Marketing,5464,36,38446,Worklife Balance,1
2015,2015 Q3,Sep-15,UK,Marketing,3799,35,30065,Others,1
2015,2015 Q1,Mar-15,UK,Finance,5994,40,44631,Worklife Balance,1
2015,2015 Q1,Mar-15,UK,Finance,1880,44,41290,Lack Of Flexibility,1
2015,2015 Q1,Mar-15,UK,Finance,2743,39,43052,Career Plan,1
2015,2015 Q1,Mar-15,UK,Finance,5949,43,44519,Worklife Balance,1
2015,2015 Q3,Sep-15,UK,Finance,3859,43,47163,Family Reasons,1
2015,2015 Q3,Sep-15,UK,Finance,1016,40,47687,Relocation,1
2015,2015 Q3,Sep-15,UK,Finance,2734,45,41626,Lack Of Flexibility,1
2015,2015 Q3,Sep-15,UK,Finance,4979,36,47881,Others,1
2015,2015 Q2,Jun-15,UK,Dev & Support,2663,37,30575,Worklife Balance,1
2015,2015 Q2,Jun-15,UK,Dev & Support,2419,32,33408,Lack Of Flexibility,1
2015,2015 Q2,Jun-15,UK,Dev & Support,4987,37,33230,Relocation,1
2015,2015 Q2,Jun-15,UK,Dev & Support,1289,36,27065,Worklife Balance,1
2015,2015 Q4,Dec-15,UK,Dev & Support,1878,28,30253,Others,1
2015,2015 Q4,Dec-15,UK,Dev & Support,1227,26,32089,Worklife Balance,1
2015,2015 Q1,Jan-15,UK,Sales,4705,31,52325,Better Opportunity,1
2015,2015 Q1,Feb-15,UK,Sales,5426,33,50045,Relocation,1
2015,2015 Q1,Feb-15,UK,Sales,3032,44,52651,Higher Pay Rate,1
2015,2015 Q1,Mar-15,UK,Sales,1332,38,51803,Career Plan,1
2015,2015 Q1,Apr-15,UK,Sales,4760,39,43255,Career Plan,1
2015,2015 Q1,May-15,UK,Sales,4527,40,35939,Career Plan,1
2015,2015 Q2,Jun-15,UK,Sales,1630,41,35518,Others,1
2015,2015 Q2,Jun-15,UK,Sales,3006,43,47443,Higher Pay Rate,1
2015,2015 Q3,Jul-15,UK,Sales,4662,38,39357,Lack Of Flexibility,1
2015,2015 Q3,Jul-15,UK,Sales,5950,31,44681,Illness,1
2015,2015 Q3,Jul-15,UK,Sales,4758,30,36823,Worklife Balance,1
2015,2015 Q3,Aug-15,UK,Sales,3715,42,54642,Worklife Balance,1
2015,2015 Q3,Aug-15,UK,Sales,3471,34,44754,Career Plan,1
2015,2015 Q3,Aug-15,UK,Sales,1640,35,51597,Better Opportunity,1
2015,2015 Q3,Sep-15,UK,Sales,4959,35,54689,Higher Pay Rate,1
2015,2015 Q3,Sep-15,UK,Sales,3533,38,36539,Better Opportunity,1
2015,2015 Q4,Oct-15,UK,Sales,5277,40,46105,Career Plan,1
2015,2015 Q4,Nov-15,UK,Sales,2154,39,45889,Worklife Balance,1
2015,2015 Q4,Nov-15,UK,Sales,3872,40,38826,Higher Pay Rate,1
2015,2015 Q4,Dec-15,UK,Sales,2387,31,39511,Higher Pay Rate,1
2015,2015 Q1,Jan-15,UK,Call Center Services,2413,25,29709,Higher Pay Rate,1
2015,2015 Q1,Feb-15,UK,Call Center Services,1813,34,20975,Better Opportunity,1
2015,2015 Q1,Feb-15,UK,Call Center Services,2025,35,25808,Higher Pay Rate,1
2015,2015 Q1,Feb-15,UK,Call Center Services,4226,30,26132,Others,1
2015,2015 Q2,Mar-15,UK,Call Center Services,5403,25,28942,Better Opportunity,1
2015,2015 Q2,Apr-15,UK,Call Center Services,4364,26,22827,Better Opportunity,1
2015,2015 Q2,Apr-15,UK,Call Center Services,1023,32,24040,Others,1
2015,2015 Q2,May-15,UK,Call Center Services,4027,33,23630,Better Opportunity,1
2015,2015 Q2,Jun-15,UK,Call Center Services,3700,27,26104,Lack Of Flexibility,1
2015,2015 Q2,Jun-15,UK,Call Center Services,1136,32,28855,Higher Pay Rate,1
2015,2015 Q2,Jun-15,UK,Call Center Services,3005,33,20396,Lack Of Flexibility,1
2015,2015 Q2,Jun-15,UK,Call Center Services,1075,21,27354,Higher Pay Rate,1
2015,2015 Q2,Jun-15,UK,Call Center Services,3748,23,28087,Better Opportunity,1
2015,2015 Q2,Jun-15,UK,Call Center Services,1953,30,21324,Better Opportunity,1
2015,2015 Q2,Jun-15,UK,Call Center Services,2365,32,23712,Better Opportunity,1
2015,2015 Q2,Jun-15,UK,Call Center Services,4529,26,23132,Higher Pay Rate,1
2015,2015 Q2,Jun-15,UK,Call Center Services,1106,31,23932,Higher Pay Rate,1
2015,2015 Q3,Jul-15,UK,Call Center Services,4597,23,29961,Higher Pay Rate,1
2015,2015 Q3,Jul-15,UK,Call Center Services,1563,20,20859,Better Opportunity,1
2015,2015 Q3,Jul-15,UK,Call Center Services,1804,23,26589,Higher Pay Rate,1
2015,2015 Q3,Jul-15,UK,Call Center Services,2225,25,25631,Better Opportunity,1
2015,2015 Q3,Jul-15,UK,Call Center Services,3215,21,25290,Higher Pay Rate,1
2015,2015 Q3,Jul-15,UK,Call Center Services,3472,23,29602,Higher Pay Rate,1
2015,2015 Q3,Jul-15,UK,Call Center Services,4639,24,27385,Higher Pay Rate,1
2015,2015 Q3,Jul-15,UK,Call Center Services,1140,32,22792,Better Opportunity,1
2015,2015 Q3,Jul-15,UK,Call Center Services,1175,30,28485,Higher Pay Rate,1
2015,2015 Q3,Jul-15,UK,Call Center Services,2442,22,24212,Better Opportunity,1
2015,2015 Q3,Jul-15,UK,Call Center Services,1356,20,25686,Worklife Balance,1
2015,2015 Q3,Jul-15,UK,Call Center Services,5609,28,21483,Better Opportunity,1
2015,2015 Q3,Jul-15,UK,Call Center Services,3439,28,28220,Higher Pay Rate,1
2015,2015 Q3,Jul-15,UK,Call Center Services,1523,35,26224,Lack Of Flexibility,1
2015,2015 Q3,Jul-15,UK,Call Center Services,3024,27,23254,Higher Pay Rate,1
2015,2015 Q3,Jul-15,UK,Call Center Services,3835,26,21772,Better Opportunity,1
2015,2015 Q3,Jul-15,UK,Call Center Services,5118,30,27135,Higher Pay Rate,1
2015,2015 Q3,Jul-15,UK,Call Center Services,4623,30,26105,Lack Of Flexibility,1
2015,2015 Q3,Jul-15,UK,Call Center Services,2726,35,29643,Better Opportunity,1
2015,2015 Q3,Jul-15,UK,Call Center Services,3263,22,20444,Higher Pay Rate,1
2015,2015 Q3,Jul-15,UK,Call Center Services,5352,33,22071,Lack Of Flexibility,1
2015,2015 Q3,Jul-15,UK,Call Center Services,1220,26,22285,Worklife Balance,1
2015,2015 Q3,Aug-15,UK,Call Center Services,4101,20,24213,Higher Pay Rate,1
2015,2015 Q3,Aug-15,UK,Call Center Services,4531,29,27278,Better Opportunity,1
2015,2015 Q3,Aug-15,UK,Call Center Services,2615,28,28175,Higher Pay Rate,1
2015,2015 Q3,Aug-15,UK,Call Center Services,2038,26,27267,Lack Of Flexibility,1
2015,2015 Q3,Aug-15,UK,Call Center Services,2774,24,28511,Worklife Balance,1
2015,2015 Q3,Aug-15,UK,Call Center Services,4633,33,25075,Higher Pay Rate,1
2015,2015 Q3,Aug-15,UK,Call Center Services,3622,31,24383,Higher Pay Rate,1
2015,2015 Q3,Aug-15,UK,Call Center Services,5140,30,24225,Better Opportunity,1
2015,2015 Q3,Aug-15,UK,Call Center Services,2502,24,25523,Worklife Balance,1
2015,2015 Q3,Aug-15,UK,Call Center Services,1824,23,21153,Lack Of Flexibility,1
2015,2015 Q3,Aug-15,UK,Call Center Services,2197,34,25461,Worklife Balance,1
2015,2015 Q3,Aug-15,UK,Call Center Services,1801,31,28220,Higher Pay Rate,1
2015,2015 Q3,Sep-15,UK,Call Center Services,4156,28,27907,Others,1
2015,2015 Q3,Sep-15,UK,Call Center Services,3195,30,25397,Higher Pay Rate,1
2015,2015 Q3,Sep-15,UK,Call Center Services,4996,31,22035,Lack Of Flexibility,1
2015,2015 Q3,Sep-15,UK,Call Center Services,4619,30,23162,Better Opportunity,1
2015,2015 Q3,Sep-15,UK,Call Center Services,2617,28,28879,Worklife Balance,1
2015,2015 Q3,Sep-15,UK,Call Center Services,4917,33,29789,Better Opportunity,1
2015,2015 Q3,Sep-15,UK,Call Center Services,4680,27,24411,Others,1
2015,2015 Q3,Sep-15,UK,Call Center Services,2445,23,29744,Higher Pay Rate,1
2015,2015 Q4,Oct-15,UK,Call Center Services,2952,23,23673,Worklife Balance,1
2015,2015 Q4,Oct-15,UK,Call Center Services,2233,27,20682,Better Opportunity,1
2015,2015 Q4,Nov-15,UK,Call Center Services,5803,25,21504,Lack Of Flexibility,1
2015,2015 Q4,Dec-15,UK,Call Center Services,3925,21,21004,Higher Pay Rate,1
2015,2015 Q4,Dec-15,UK,Call Center Services,5741,28,23391,Worklife Balance,1
2015,2015 Q4,Dec-15,UK,Call Center Services,5591,29,20247,Better Opportunity,1
