﻿Opportunity Id,Forecast Status,Customer Name,Pipe ($M)
9JTGR,Forecast,Nestle,55
8JTGR,Forecast,JTI,43
1GTGR,Forecast,Telefonica,30
9JTAR,Forecast,Volvo,29
5JSGA,Forecast,IKEA,27
4JTGR,Forecast,Deutsche Telecom,25
9JTGA,Upside,Barclays,120
8JTGB,Upside,HSBC,55
1GTGC,Upside,Inditex,22
9JTAD,Upside,SSE Services PLC,19
5JSGE,Upside,GlaxoSmithKline,10
4JTGF,Upside,Telecom Italia,9
9JAGA,Won,Orange,70
8JBGB,Won,KPN,40
1GCGC,Won,Schneider,33
9JDAD,Won,ADEO,18
5JEGE,Won,M&S,15
4JFGF,Won,Deutsche Bhan,8
