<?xml version = '1.0' encoding = 'UTF-8'?>
<References xmlns="http://xmlns.oracle.com/adf/jndi">
   <Reference name="pdb2_pdba" className="oracle.jdeveloper.db.adapter.DatabaseProvider" xmlns="">
      <Factory className="oracle.jdeveloper.db.adapter.DatabaseProviderFactory"/>
      <RefAddresses>
         <StringRefAddr addrType="OracleConnectionType">
            <Contents>TNS</Contents>
         </StringRefAddr>
         <StringRefAddr addrType="oraDriverType">
            <Contents>thin</Contents>
         </StringRefAddr>
         <StringRefAddr addrType="user">
            <Contents>pdb_admin</Contents>
         </StringRefAddr>
         <StringRefAddr addrType="role">
            <Contents>SYSDBA</Contents>
         </StringRefAddr>
         <StringRefAddr addrType="NoPasswordConnection">
            <Contents>TRUE</Contents>
         </StringRefAddr>
         <StringRefAddr addrType="subtype">
            <Contents>oraJDBC</Contents>
         </StringRefAddr>
         <StringRefAddr addrType="KERBEROS_AUTHENTICATION">
            <Contents>false</Contents>
         </StringRefAddr>
         <StringRefAddr addrType="OS_AUTHENTICATION">
            <Contents>false</Contents>
         </StringRefAddr>
         <StringRefAddr addrType="ConnName">
            <Contents>pdb2_pdba</Contents>
         </StringRefAddr>
         <StringRefAddr addrType="RaptorConnectionType">
            <Contents>Oracle</Contents>
         </StringRefAddr>
         <StringRefAddr addrType="customUrl">
            <Contents>jdbc:oracle:oci8:@Hol/pdb2</Contents>
         </StringRefAddr>
         <StringRefAddr addrType="SavePassword">
            <Contents>true</Contents>
         </StringRefAddr>
         <StringRefAddr addrType="password">
            <Contents>0597477793DA1F1BF0C6D965E684D76D0E</Contents>
         </StringRefAddr>
         <StringRefAddr addrType="driver">
            <Contents>oracle.jdbc.OracleDriver</Contents>
         </StringRefAddr>
      </RefAddresses>
   </Reference>
   <Reference name="cdb1_cdba" className="oracle.jdeveloper.db.adapter.DatabaseProvider" xmlns="">
      <Factory className="oracle.jdeveloper.db.adapter.DatabaseProviderFactory"/>
      <RefAddresses>
         <StringRefAddr addrType="OracleConnectionType">
            <Contents>TNS</Contents>
         </StringRefAddr>
         <StringRefAddr addrType="oraDriverType">
            <Contents>thin</Contents>
         </StringRefAddr>
         <StringRefAddr addrType="user">
            <Contents>c##sysdba</Contents>
         </StringRefAddr>
         <StringRefAddr addrType="role">
            <Contents>SYSDBA</Contents>
         </StringRefAddr>
         <StringRefAddr addrType="NoPasswordConnection">
            <Contents>TRUE</Contents>
         </StringRefAddr>
         <StringRefAddr addrType="subtype">
            <Contents>oraJDBC</Contents>
         </StringRefAddr>
         <StringRefAddr addrType="KERBEROS_AUTHENTICATION">
            <Contents>false</Contents>
         </StringRefAddr>
         <StringRefAddr addrType="OS_AUTHENTICATION">
            <Contents>false</Contents>
         </StringRefAddr>
         <StringRefAddr addrType="ConnName">
            <Contents>cdb1_cdba</Contents>
         </StringRefAddr>
         <StringRefAddr addrType="RaptorConnectionType">
            <Contents>Oracle</Contents>
         </StringRefAddr>
         <StringRefAddr addrType="customUrl">
            <Contents>jdbc:oracle:oci8:@Hol/cdb1</Contents>
         </StringRefAddr>
         <StringRefAddr addrType="SavePassword">
            <Contents>true</Contents>
         </StringRefAddr>
         <StringRefAddr addrType="password">
            <Contents>059B616B1629039349EE6C9FDE4FB175E3</Contents>
         </StringRefAddr>
         <StringRefAddr addrType="driver">
            <Contents>oracle.jdbc.OracleDriver</Contents>
         </StringRefAddr>
      </RefAddresses>
   </Reference>
   <Reference name="cdb2_cdba" className="oracle.jdeveloper.db.adapter.DatabaseProvider" xmlns="">
      <Factory className="oracle.jdeveloper.db.adapter.DatabaseProviderFactory"/>
      <RefAddresses>
         <StringRefAddr addrType="OracleConnectionType">
            <Contents>TNS</Contents>
         </StringRefAddr>
         <StringRefAddr addrType="oraDriverType">
            <Contents>thin</Contents>
         </StringRefAddr>
         <StringRefAddr addrType="user">
            <Contents>c##sysdba</Contents>
         </StringRefAddr>
         <StringRefAddr addrType="role">
            <Contents>SYSDBA</Contents>
         </StringRefAddr>
         <StringRefAddr addrType="NoPasswordConnection">
            <Contents>TRUE</Contents>
         </StringRefAddr>
         <StringRefAddr addrType="subtype">
            <Contents>oraJDBC</Contents>
         </StringRefAddr>
         <StringRefAddr addrType="KERBEROS_AUTHENTICATION">
            <Contents>false</Contents>
         </StringRefAddr>
         <StringRefAddr addrType="OS_AUTHENTICATION">
            <Contents>false</Contents>
         </StringRefAddr>
         <StringRefAddr addrType="ConnName">
            <Contents>cdb2_cdba</Contents>
         </StringRefAddr>
         <StringRefAddr addrType="RaptorConnectionType">
            <Contents>Oracle</Contents>
         </StringRefAddr>
         <StringRefAddr addrType="customUrl">
            <Contents>jdbc:oracle:oci8:@Hol/cdb2</Contents>
         </StringRefAddr>
         <StringRefAddr addrType="SavePassword">
            <Contents>true</Contents>
         </StringRefAddr>
         <StringRefAddr addrType="password">
            <Contents>057A5656EE3B189075D13796DDA97A60B7</Contents>
         </StringRefAddr>
         <StringRefAddr addrType="driver">
            <Contents>oracle.jdbc.OracleDriver</Contents>
         </StringRefAddr>
      </RefAddresses>
   </Reference>
   <Reference name="pdb1_user" className="oracle.jdeveloper.db.adapter.DatabaseProvider" xmlns="">
      <Factory className="oracle.jdeveloper.db.adapter.DatabaseProviderFactory"/>
      <RefAddresses>
         <StringRefAddr addrType="OracleConnectionType">
            <Contents>TNS</Contents>
         </StringRefAddr>
         <StringRefAddr addrType="oraDriverType">
            <Contents>thin</Contents>
         </StringRefAddr>
         <StringRefAddr addrType="user">
            <Contents>pdb_admin</Contents>
         </StringRefAddr>
         <StringRefAddr addrType="role">
            <Contents/>
         </StringRefAddr>
         <StringRefAddr addrType="NoPasswordConnection">
            <Contents>TRUE</Contents>
         </StringRefAddr>
         <StringRefAddr addrType="subtype">
            <Contents>oraJDBC</Contents>
         </StringRefAddr>
         <StringRefAddr addrType="KERBEROS_AUTHENTICATION">
            <Contents>false</Contents>
         </StringRefAddr>
         <StringRefAddr addrType="OS_AUTHENTICATION">
            <Contents>false</Contents>
         </StringRefAddr>
         <StringRefAddr addrType="ConnName">
            <Contents>pdb1_user</Contents>
         </StringRefAddr>
         <StringRefAddr addrType="RaptorConnectionType">
            <Contents>Oracle</Contents>
         </StringRefAddr>
         <StringRefAddr addrType="customUrl">
            <Contents>jdbc:oracle:oci8:@Hol/pdb1</Contents>
         </StringRefAddr>
         <StringRefAddr addrType="SavePassword">
            <Contents>true</Contents>
         </StringRefAddr>
         <StringRefAddr addrType="password">
            <Contents>054A02AB376AE3CC1AF2D65839CECB7CC7</Contents>
         </StringRefAddr>
         <StringRefAddr addrType="driver">
            <Contents>oracle.jdbc.OracleDriver</Contents>
         </StringRefAddr>
      </RefAddresses>
   </Reference>
   <Reference name="pdb1_pdba" className="oracle.jdeveloper.db.adapter.DatabaseProvider" xmlns="">
      <Factory className="oracle.jdeveloper.db.adapter.DatabaseProviderFactory"/>
      <RefAddresses>
         <StringRefAddr addrType="OracleConnectionType">
            <Contents>TNS</Contents>
         </StringRefAddr>
         <StringRefAddr addrType="oraDriverType">
            <Contents>thin</Contents>
         </StringRefAddr>
         <StringRefAddr addrType="user">
            <Contents>pdb_admin</Contents>
         </StringRefAddr>
         <StringRefAddr addrType="role">
            <Contents>SYSDBA</Contents>
         </StringRefAddr>
         <StringRefAddr addrType="NoPasswordConnection">
            <Contents>TRUE</Contents>
         </StringRefAddr>
         <StringRefAddr addrType="subtype">
            <Contents>oraJDBC</Contents>
         </StringRefAddr>
         <StringRefAddr addrType="KERBEROS_AUTHENTICATION">
            <Contents>false</Contents>
         </StringRefAddr>
         <StringRefAddr addrType="OS_AUTHENTICATION">
            <Contents>false</Contents>
         </StringRefAddr>
         <StringRefAddr addrType="ConnName">
            <Contents>pdb1_pdba</Contents>
         </StringRefAddr>
         <StringRefAddr addrType="RaptorConnectionType">
            <Contents>Oracle</Contents>
         </StringRefAddr>
         <StringRefAddr addrType="customUrl">
            <Contents>jdbc:oracle:oci8:@Hol/pdb1</Contents>
         </StringRefAddr>
         <StringRefAddr addrType="SavePassword">
            <Contents>true</Contents>
         </StringRefAddr>
         <StringRefAddr addrType="password">
            <Contents>05C6CF1654AE30C58C638549FF933311E0</Contents>
         </StringRefAddr>
         <StringRefAddr addrType="driver">
            <Contents>oracle.jdbc.OracleDriver</Contents>
         </StringRefAddr>
      </RefAddresses>
   </Reference>
   <Reference name="pdb2_user" className="oracle.jdeveloper.db.adapter.DatabaseProvider" xmlns="">
      <Factory className="oracle.jdeveloper.db.adapter.DatabaseProviderFactory"/>
      <RefAddresses>
         <StringRefAddr addrType="OracleConnectionType">
            <Contents>TNS</Contents>
         </StringRefAddr>
         <StringRefAddr addrType="oraDriverType">
            <Contents>thin</Contents>
         </StringRefAddr>
         <StringRefAddr addrType="user">
            <Contents>pdb_admin</Contents>
         </StringRefAddr>
         <StringRefAddr addrType="role">
            <Contents/>
         </StringRefAddr>
         <StringRefAddr addrType="NoPasswordConnection">
            <Contents>TRUE</Contents>
         </StringRefAddr>
         <StringRefAddr addrType="subtype">
            <Contents>oraJDBC</Contents>
         </StringRefAddr>
         <StringRefAddr addrType="KERBEROS_AUTHENTICATION">
            <Contents>false</Contents>
         </StringRefAddr>
         <StringRefAddr addrType="OS_AUTHENTICATION">
            <Contents>false</Contents>
         </StringRefAddr>
         <StringRefAddr addrType="ConnName">
            <Contents>pdb2_user</Contents>
         </StringRefAddr>
         <StringRefAddr addrType="RaptorConnectionType">
            <Contents>Oracle</Contents>
         </StringRefAddr>
         <StringRefAddr addrType="customUrl">
            <Contents>jdbc:oracle:oci8:@Hol/pdb2</Contents>
         </StringRefAddr>
         <StringRefAddr addrType="SavePassword">
            <Contents>true</Contents>
         </StringRefAddr>
         <StringRefAddr addrType="password">
            <Contents>05EAE098B16CAF6D2FED05064ED675EFBC</Contents>
         </StringRefAddr>
         <StringRefAddr addrType="driver">
            <Contents>oracle.jdbc.OracleDriver</Contents>
         </StringRefAddr>
      </RefAddresses>
   </Reference>
</References>